SocialInfo,Avro,0,64,1699001824096,16
SocialInfo,Avro,0,64,1699001825127,53
SocialInfo,Avro,0,64,1699001825996,42
SocialInfo,Avro,0,64,1699001826997,37
SocialInfo,Avro,0,64,1699001828014,44
SocialInfo,Avro,0,64,1699001829046,33
SocialInfo,Avro,0,64,1699001830022,47
SocialInfo,Avro,0,64,1699001830995,37
SocialInfo,Avro,0,64,1699001832010,43
SocialInfo,Avro,0,64,1699001833014,42
SocialInfo,Avro,0,64,1699001833991,42
SocialInfo,Avro,0,64,1699001834990,38
SocialInfo,Avro,0,64,1699001835991,39
SocialInfo,Avro,0,64,1699001837002,39
SocialInfo,Avro,0,64,1699001838001,42
SocialInfo,CapnProto,0,64,1699001839008,14
SocialInfo,CapnProto,0,64,1699001840061,0
SocialInfo,CapnProto,0,64,1699001841056,0
SocialInfo,CapnProto,0,64,1699001841992,0
SocialInfo,CapnProto,0,64,1699001842990,53
SocialInfo,CapnProto,0,64,1699001844020,39
SocialInfo,CapnProto,0,64,1699001845002,43
SocialInfo,CapnProto,0,64,1699001846013,45
SocialInfo,CapnProto,0,64,1699001847055,40
SocialInfo,CapnProto,0,64,1699001848012,41
SocialInfo,CapnProto,0,64,1699001849029,40
SocialInfo,CapnProto,0,64,1699001849993,37
SocialInfo,CapnProto,0,64,1699001851027,45
SocialInfo,CapnProto,0,64,1699001852009,41
SocialInfo,CapnProto,0,64,1699001853022,44
SocialInfo,CapnProto,0,64,1699001854026,41
SocialInfo,FlatBuffers,0,64,1699001854997,13
SocialInfo,FlatBuffers,0,64,1699001856124,0
SocialInfo,FlatBuffers,0,64,1699001857051,0
SocialInfo,FlatBuffers,0,64,1699001858036,0
SocialInfo,FlatBuffers,0,64,1699001858999,9
SocialInfo,FlatBuffers,0,64,1699001860003,49
SocialInfo,FlatBuffers,0,64,1699001860996,53
SocialInfo,FlatBuffers,0,64,1699001862053,42
SocialInfo,FlatBuffers,0,64,1699001863025,41
SocialInfo,FlatBuffers,0,64,1699001864007,50
SocialInfo,FlatBuffers,0,64,1699001864994,40
SocialInfo,FlatBuffers,0,64,1699001865991,38
SocialInfo,FlatBuffers,0,64,1699001866987,31
SocialInfo,FlatBuffers,0,64,1699001867993,53
SocialInfo,FlatBuffers,0,64,1699001869009,42
SocialInfo,FlatBuffers,0,64,1699001870043,45
SocialInfo,FlatBuffers,0,64,1699001870995,39
SocialInfo,FlatBuffers,0,64,1699001872021,41
SocialInfo,MessagePack-CSharp,0,64,1699001872993,18
SocialInfo,MessagePack-CSharp,0,64,1699001874316,0
SocialInfo,MessagePack-CSharp,0,64,1699001875142,0
SocialInfo,MessagePack-CSharp,0,64,1699001875991,0
SocialInfo,MessagePack-CSharp,0,64,1699001877140,36
SocialInfo,MessagePack-CSharp,0,64,1699001877991,54
SocialInfo,MessagePack-CSharp,0,64,1699001878987,44
SocialInfo,MessagePack-CSharp,0,64,1699001880031,45
SocialInfo,MessagePack-CSharp,0,64,1699001880994,38
SocialInfo,MessagePack-CSharp,0,64,1699001882006,41
SocialInfo,MessagePack-CSharp,0,64,1699001882994,31
SocialInfo,MessagePack-CSharp,0,64,1699001884028,57
SocialInfo,MessagePack-CSharp,0,64,1699001885008,43
SocialInfo,MessagePack-CSharp,0,64,1699001885990,38
SocialInfo,MessagePack-CSharp,0,64,1699001887017,47
SocialInfo,MessagePack-CSharp,0,64,1699001887989,44
SocialInfo,MessagePack-CSharp,0,64,1699001888997,41
SocialInfo,MessagePack-CSharp,0,64,1699001890006,32
SocialInfo,Newtonsoft.Json,0,64,1699001890992,13
SocialInfo,Newtonsoft.Json,0,64,1699001892020,28
SocialInfo,Newtonsoft.Json,0,64,1699001893001,40
SocialInfo,Newtonsoft.Json,0,64,1699001894003,35
SocialInfo,Newtonsoft.Json,0,64,1699001894997,32
SocialInfo,Newtonsoft.Json,0,64,1699001896007,41
SocialInfo,Newtonsoft.Json,0,64,1699001897002,44
SocialInfo,Newtonsoft.Json,0,64,1699001898013,37
SocialInfo,Newtonsoft.Json,0,64,1699001898990,43
SocialInfo,Newtonsoft.Json,0,64,1699001900000,28
SocialInfo,Newtonsoft.Json,0,64,1699001901088,27
SocialInfo,Newtonsoft.Json,0,64,1699001902002,46
SocialInfo,Newtonsoft.Json,0,64,1699001902992,34
SocialInfo,Newtonsoft.Json,0,64,1699001903988,37
SocialInfo,Newtonsoft.Json,0,64,1699001904999,42
SocialInfo,Newtonsoft.Json,0,64,1699001906010,32
SocialInfo,Newtonsoft.Json,0,64,1699001907004,28
SocialInfo,Newtonsoft.Json,0,64,1699001908003,47
SocialInfo,Newtonsoft.Json,0,64,1699001909003,34
SocialInfo,Newtonsoft.Json,0,64,1699001909991,44
SocialInfo,Newtonsoft.Json,0,64,1699001910988,34
SocialInfo,Newtonsoft.Json,0,64,1699001911998,39
SocialInfo,Newtonsoft.Json,0,64,1699001912999,39
SocialInfo,Newtonsoft.Json,0,64,1699001913992,42
SocialInfo,Newtonsoft.Json,0,64,1699001915000,41
SocialInfo,Newtonsoft.Json,0,64,1699001916026,43
SocialInfo,Newtonsoft.Json,0,64,1699001917004,42
SocialInfo,Newtonsoft.Json,0,64,1699001917991,42
SocialInfo,Newtonsoft.Json,0,64,1699001918987,44
SocialInfo,Newtonsoft.Json,0,64,1699001920003,30
SocialInfo,Newtonsoft.Json,0,64,1699001920989,35
SocialInfo,Protobuf,0,64,1699001922011,3
SocialInfo,Protobuf,0,64,1699001922998,39
SocialInfo,Protobuf,0,64,1699001923991,34
SocialInfo,Protobuf,0,64,1699001924990,40
SocialInfo,Protobuf,0,64,1699001925999,37
SocialInfo,Protobuf,0,64,1699001926992,36
SocialInfo,Protobuf,0,64,1699001928002,36
SocialInfo,Protobuf,0,64,1699001929002,35
SocialInfo,Protobuf,0,64,1699001929991,35
SocialInfo,Protobuf,0,64,1699001930990,39
SocialInfo,Protobuf,0,64,1699001932001,37
SocialInfo,Protobuf,0,64,1699001933000,29
SocialInfo,Protobuf,0,64,1699001934001,47
SocialInfo,Protobuf,0,64,1699001935020,45
SocialInfo,Protobuf,0,64,1699001935992,32
SocialInfo,Protobuf,0,64,1699001936998,38
SocialInfo,Protobuf,0,64,1699001937989,39
SocialInfo,Protobuf,0,64,1699001938998,42
SocialInfo,Protobuf,0,64,1699001939995,38
SocialInfo,Protobuf,0,64,1699001940988,35
SocialInfo,Protobuf,0,64,1699001941994,35
SocialInfo,Protobuf,0,64,1699001942997,31
SocialInfo,Protobuf,0,64,1699001943994,45
SocialInfo,Protobuf,0,64,1699001944999,37
SocialInfo,Protobuf,0,64,1699001945994,39
SocialInfo,Protobuf,0,64,1699001947006,42
SocialInfo,Protobuf,0,64,1699001947997,31
SocialInfo,Protobuf,0,64,1699001948990,32
SocialInfo,Protobuf,0,64,1699001949987,35
SocialInfo,Protobuf,0,64,1699001951001,36
SocialInfo,Protobuf,0,64,1699001951989,40
SocialInfo,Protobuf,0,64,1699001952991,31
SocialInfo,Protobuf,0,64,1699001954019,38
SocialInfo,Protobuf,0,64,1699001954998,37
SocialInfo,Protobuf,0,64,1699001955998,44
SocialInfo,Protobuf,0,64,1699001957007,46
SocialInfo,Protobuf,0,64,1699001958062,42
SocialInfo,Protobuf,0,64,1699001959012,40
SocialInfo,Protobuf,0,64,1699001959994,45
SocialInfo,Thrift,0,64,1699001960986,15
SocialInfo,Thrift,0,64,1699001961990,24
SocialInfo,Thrift,0,64,1699001962994,46
SocialInfo,Thrift,0,64,1699001964003,42
SocialInfo,Thrift,0,64,1699001964994,41
SocialInfo,Thrift,0,64,1699001965989,32
SocialInfo,Thrift,0,64,1699001967006,31
SocialInfo,Thrift,0,64,1699001967995,44
SocialInfo,Thrift,0,64,1699001968992,45
SocialInfo,Thrift,0,64,1699001969994,38
SocialInfo,Thrift,0,64,1699001970991,35
SocialInfo,Thrift,0,64,1699001972015,39
SocialInfo,Thrift,0,64,1699001973005,43
SocialInfo,Thrift,0,64,1699001974001,36
SocialInfo,Thrift,0,64,1699001974997,37
SocialInfo,Thrift,0,64,1699001976052,36
SocialInfo,Thrift,0,64,1699001976994,33
SocialInfo,Thrift,0,64,1699001977987,39
SocialInfo,Thrift,0,64,1699001979001,44
SocialInfo,Thrift,0,64,1699001979994,34
SocialInfo,Thrift,0,64,1699001980989,36
SocialInfo,Thrift,0,64,1699001981988,31
SocialInfo,Thrift,0,64,1699001982993,29
SocialInfo,Thrift,0,64,1699001984001,34
SocialInfo,Thrift,0,64,1699001985010,28
SocialInfo,Thrift,0,64,1699001985988,37
SocialInfo,Thrift,0,64,1699001986995,42
SocialInfo,Thrift,0,64,1699001987997,35
SocialInfo,Thrift,0,64,1699001988999,32
SocialInfo,Thrift,0,64,1699001989997,41
SocialInfo,Thrift,0,64,1699001991000,41
SocialInfo,Thrift,0,64,1699001992019,43
SocialInfo,Thrift,0,64,1699001993078,35
SocialInfo,Thrift,0,64,1699001993999,44
SocialInfo,Thrift,0,64,1699001995010,37
SocialInfo,Thrift,0,64,1699001996005,37
SocialInfo,Thrift,0,64,1699001996991,33
SocialInfo,Thrift,0,64,1699001998038,46
SocialInfo,Thrift,0,64,1699001998990,38
SocialInfo,Thrift,0,64,1699001999998,40
SocialInfo,Avro,0,128,1699002000993,11
SocialInfo,Avro,0,128,1699002001987,36
SocialInfo,Avro,0,128,1699002003001,40
SocialInfo,Avro,0,128,1699002003994,40
SocialInfo,Avro,0,128,1699002004998,37
SocialInfo,Avro,0,128,1699002006060,38
SocialInfo,Avro,0,128,1699002006992,38
SocialInfo,Avro,0,128,1699002007993,38
SocialInfo,Avro,0,128,1699002009002,37
SocialInfo,Avro,0,128,1699002010001,38
SocialInfo,Avro,0,128,1699002010990,34
SocialInfo,Avro,0,128,1699002011992,40
SocialInfo,Avro,0,128,1699002013001,36
SocialInfo,Avro,0,128,1699002014014,32
SocialInfo,Avro,0,128,1699002014992,36
SocialInfo,Avro,0,128,1699002016000,31
SocialInfo,Avro,0,128,1699002017004,38
SocialInfo,Avro,0,128,1699002017991,36
SocialInfo,Avro,0,128,1699002018990,36
SocialInfo,Avro,0,128,1699002020012,34
SocialInfo,Avro,0,128,1699002020996,32
SocialInfo,Avro,0,128,1699002021988,30
SocialInfo,Avro,0,128,1699002023002,37
SocialInfo,Avro,0,128,1699002024000,34
SocialInfo,Avro,0,128,1699002025009,35
SocialInfo,Avro,0,128,1699002026002,39
SocialInfo,Avro,0,128,1699002027000,34
SocialInfo,Avro,0,128,1699002028020,37
SocialInfo,Avro,0,128,1699002028990,39
SocialInfo,Avro,0,128,1699002029999,29
SocialInfo,Avro,0,128,1699002031008,36
SocialInfo,Avro,0,128,1699002032000,29
SocialInfo,Avro,0,128,1699002033019,31
SocialInfo,Avro,0,128,1699002033996,28
SocialInfo,Avro,0,128,1699002034995,40
SocialInfo,Avro,0,128,1699002035989,39
SocialInfo,Avro,0,128,1699002037015,33
SocialInfo,Avro,0,128,1699002037997,32
SocialInfo,Avro,0,128,1699002039003,33
SocialInfo,Avro,0,128,1699002040090,44
SocialInfo,Avro,0,128,1699002040995,37
SocialInfo,Avro,0,128,1699002041989,39
SocialInfo,Avro,0,128,1699002042993,41
SocialInfo,Avro,0,128,1699002043991,38
SocialInfo,Avro,0,128,1699002044990,33
SocialInfo,Avro,0,128,1699002045992,33
SocialInfo,Avro,0,128,1699002047008,42
SocialInfo,Avro,0,128,1699002047990,40
SocialInfo,Avro,0,128,1699002048999,35
SocialInfo,Avro,0,128,1699002049997,40
SocialInfo,Avro,0,128,1699002050991,34
SocialInfo,Avro,0,128,1699002052000,36
SocialInfo,Avro,0,128,1699002053014,40
SocialInfo,Avro,0,128,1699002054003,36
SocialInfo,Avro,0,128,1699002055003,43
SocialInfo,Avro,0,128,1699002056006,34
SocialInfo,Avro,0,128,1699002056995,30
SocialInfo,Avro,0,128,1699002058021,42
SocialInfo,Avro,0,128,1699002059000,32
SocialInfo,Avro,0,128,1699002060005,43
SocialInfo,Avro,0,128,1699002061003,33
SocialInfo,Avro,0,128,1699002061998,28
SocialInfo,Avro,0,128,1699002062988,32
SocialInfo,Avro,0,128,1699002063997,31
SocialInfo,Avro,0,128,1699002065014,22
SocialInfo,Avro,0,128,1699002065991,39
SocialInfo,Avro,0,128,1699002067020,43
SocialInfo,Avro,0,128,1699002067992,35
SocialInfo,Avro,0,128,1699002068989,34
SocialInfo,Avro,0,128,1699002069994,35
SocialInfo,Avro,0,128,1699002071017,44
SocialInfo,Avro,0,128,1699002072104,36
SocialInfo,Avro,0,128,1699002073015,40
SocialInfo,Avro,0,128,1699002074007,39
SocialInfo,Avro,0,128,1699002074998,38
SocialInfo,Avro,0,128,1699002075997,37
SocialInfo,Avro,0,128,1699002077017,41
SocialInfo,Avro,0,128,1699002077992,39
SocialInfo,Avro,0,128,1699002079018,44
SocialInfo,Avro,0,128,1699002080004,37
SocialInfo,Avro,0,128,1699002080991,35
SocialInfo,Avro,0,128,1699002082004,42
SocialInfo,CapnProto,0,128,1699002082992,24
SocialInfo,CapnProto,0,128,1699002083989,35
SocialInfo,CapnProto,0,128,1699002084998,33
SocialInfo,CapnProto,0,128,1699002085996,35
SocialInfo,CapnProto,0,128,1699002086991,37
SocialInfo,CapnProto,0,128,1699002088047,32
SocialInfo,CapnProto,0,128,1699002089001,39
SocialInfo,CapnProto,0,128,1699002090002,41
SocialInfo,CapnProto,0,128,1699002090997,33
SocialInfo,CapnProto,0,128,1699002092002,35
SocialInfo,CapnProto,0,128,1699002092991,34
SocialInfo,CapnProto,0,128,1699002094087,49
SocialInfo,CapnProto,0,128,1699002095002,33
SocialInfo,CapnProto,0,128,1699002095997,35
SocialInfo,CapnProto,0,128,1699002096998,38
SocialInfo,CapnProto,0,128,1699002098003,38
SocialInfo,CapnProto,0,128,1699002099002,36
SocialInfo,CapnProto,0,128,1699002099989,32
SocialInfo,CapnProto,0,128,1699002100999,32
SocialInfo,CapnProto,0,128,1699002102016,41
SocialInfo,CapnProto,0,128,1699002102987,39
SocialInfo,CapnProto,0,128,1699002103999,32
SocialInfo,CapnProto,0,128,1699002105003,38
SocialInfo,CapnProto,0,128,1699002105996,32
SocialInfo,CapnProto,0,128,1699002106991,38
SocialInfo,CapnProto,0,128,1699002108004,39
SocialInfo,CapnProto,0,128,1699002108997,37
SocialInfo,CapnProto,0,128,1699002110002,39
SocialInfo,CapnProto,0,128,1699002110986,32
SocialInfo,CapnProto,0,128,1699002112029,37
SocialInfo,CapnProto,0,128,1699002113000,31
SocialInfo,CapnProto,0,128,1699002114021,32
SocialInfo,CapnProto,0,128,1699002114994,34
SocialInfo,CapnProto,0,128,1699002116002,31
SocialInfo,CapnProto,0,128,1699002117019,35
SocialInfo,CapnProto,0,128,1699002118015,37
SocialInfo,CapnProto,0,128,1699002119000,42
SocialInfo,CapnProto,0,128,1699002120008,33
SocialInfo,CapnProto,0,128,1699002120989,30
SocialInfo,CapnProto,0,128,1699002122002,41
SocialInfo,CapnProto,0,128,1699002123002,36
SocialInfo,CapnProto,0,128,1699002124000,36
SocialInfo,CapnProto,0,128,1699002125012,33
SocialInfo,CapnProto,0,128,1699002125990,30
SocialInfo,CapnProto,0,128,1699002126997,41
SocialInfo,CapnProto,0,128,1699002127991,39
SocialInfo,CapnProto,0,128,1699002128992,31
SocialInfo,CapnProto,0,128,1699002129993,36
SocialInfo,CapnProto,0,128,1699002131001,36
SocialInfo,CapnProto,0,128,1699002131991,36
SocialInfo,CapnProto,0,128,1699002133028,38
SocialInfo,CapnProto,0,128,1699002134006,39
SocialInfo,CapnProto,0,128,1699002134995,29
SocialInfo,CapnProto,0,128,1699002135999,33
SocialInfo,CapnProto,0,128,1699002136995,34
SocialInfo,CapnProto,0,128,1699002137995,32
SocialInfo,CapnProto,0,128,1699002139002,32
SocialInfo,CapnProto,0,128,1699002139998,30
SocialInfo,CapnProto,0,128,1699002140994,30
SocialInfo,CapnProto,0,128,1699002142007,39
SocialInfo,CapnProto,0,128,1699002143001,33
SocialInfo,CapnProto,0,128,1699002144003,30
SocialInfo,CapnProto,0,128,1699002144989,30
SocialInfo,CapnProto,0,128,1699002146013,33
SocialInfo,CapnProto,0,128,1699002147004,36
SocialInfo,CapnProto,0,128,1699002147999,34
SocialInfo,CapnProto,0,128,1699002148994,38
SocialInfo,CapnProto,0,128,1699002149996,33
SocialInfo,CapnProto,0,128,1699002150998,37
SocialInfo,CapnProto,0,128,1699002151993,33
SocialInfo,CapnProto,0,128,1699002152998,37
SocialInfo,CapnProto,0,128,1699002154005,33
SocialInfo,CapnProto,0,128,1699002154990,32
SocialInfo,CapnProto,0,128,1699002156001,32
SocialInfo,CapnProto,0,128,1699002156987,32
SocialInfo,CapnProto,0,128,1699002158019,32
SocialInfo,FlatBuffers,0,128,1699002158998,18
SocialInfo,FlatBuffers,0,128,1699002160014,44
SocialInfo,FlatBuffers,0,128,1699002160996,44
SocialInfo,FlatBuffers,0,128,1699002161996,31
SocialInfo,FlatBuffers,0,128,1699002163005,40
SocialInfo,FlatBuffers,0,128,1699002163999,40
SocialInfo,FlatBuffers,0,128,1699002165003,34
SocialInfo,FlatBuffers,0,128,1699002166001,32
SocialInfo,FlatBuffers,0,128,1699002166993,33
SocialInfo,FlatBuffers,0,128,1699002168005,33
SocialInfo,FlatBuffers,0,128,1699002168997,41
SocialInfo,FlatBuffers,0,128,1699002169999,36
SocialInfo,FlatBuffers,0,128,1699002171006,42
SocialInfo,FlatBuffers,0,128,1699002171995,33
SocialInfo,FlatBuffers,0,128,1699002173019,35
SocialInfo,FlatBuffers,0,128,1699002174002,37
SocialInfo,FlatBuffers,0,128,1699002175001,31
SocialInfo,FlatBuffers,0,128,1699002176011,39
SocialInfo,FlatBuffers,0,128,1699002176990,27
SocialInfo,FlatBuffers,0,128,1699002178005,34
SocialInfo,FlatBuffers,0,128,1699002178992,33
SocialInfo,FlatBuffers,0,128,1699002179988,36
SocialInfo,FlatBuffers,0,128,1699002180993,34
SocialInfo,FlatBuffers,0,128,1699002182013,35
SocialInfo,FlatBuffers,0,128,1699002182992,37
SocialInfo,FlatBuffers,0,128,1699002183990,44
SocialInfo,FlatBuffers,0,128,1699002185003,33
SocialInfo,FlatBuffers,0,128,1699002186004,32
SocialInfo,FlatBuffers,0,128,1699002187007,40
SocialInfo,FlatBuffers,0,128,1699002187994,34
SocialInfo,FlatBuffers,0,128,1699002189000,38
SocialInfo,FlatBuffers,0,128,1699002190007,34
SocialInfo,FlatBuffers,0,128,1699002190994,34
SocialInfo,FlatBuffers,0,128,1699002192017,43
SocialInfo,FlatBuffers,0,128,1699002193018,36
SocialInfo,FlatBuffers,0,128,1699002193991,35
SocialInfo,FlatBuffers,0,128,1699002194995,32
SocialInfo,FlatBuffers,0,128,1699002195998,32
SocialInfo,FlatBuffers,0,128,1699002197008,32
SocialInfo,FlatBuffers,0,128,1699002197997,37
SocialInfo,FlatBuffers,0,128,1699002198997,33
SocialInfo,FlatBuffers,0,128,1699002199996,34
SocialInfo,FlatBuffers,0,128,1699002200994,34
SocialInfo,FlatBuffers,0,128,1699002202015,40
SocialInfo,FlatBuffers,0,128,1699002202991,39
SocialInfo,FlatBuffers,0,128,1699002204003,33
SocialInfo,FlatBuffers,0,128,1699002205010,30
SocialInfo,FlatBuffers,0,128,1699002205999,39
SocialInfo,FlatBuffers,0,128,1699002207049,37
SocialInfo,FlatBuffers,0,128,1699002208010,38
SocialInfo,FlatBuffers,0,128,1699002209011,29
SocialInfo,FlatBuffers,0,128,1699002210015,26
SocialInfo,FlatBuffers,0,128,1699002210994,42
SocialInfo,FlatBuffers,0,128,1699002211995,34
SocialInfo,FlatBuffers,0,128,1699002213001,41
SocialInfo,FlatBuffers,0,128,1699002213998,36
SocialInfo,FlatBuffers,0,128,1699002214990,30
SocialInfo,FlatBuffers,0,128,1699002216002,39
SocialInfo,FlatBuffers,0,128,1699002217004,35
SocialInfo,FlatBuffers,0,128,1699002217988,33
SocialInfo,FlatBuffers,0,128,1699002218992,37
SocialInfo,FlatBuffers,0,128,1699002219997,36
SocialInfo,FlatBuffers,0,128,1699002220998,34
SocialInfo,FlatBuffers,0,128,1699002222001,40
SocialInfo,FlatBuffers,0,128,1699002223003,35
SocialInfo,FlatBuffers,0,128,1699002223992,36
SocialInfo,FlatBuffers,0,128,1699002224989,40
SocialInfo,FlatBuffers,0,128,1699002225994,42
SocialInfo,FlatBuffers,0,128,1699002227023,36
SocialInfo,FlatBuffers,0,128,1699002227993,36
SocialInfo,FlatBuffers,0,128,1699002228995,39
SocialInfo,FlatBuffers,0,128,1699002230006,38
SocialInfo,FlatBuffers,0,128,1699002231003,39
SocialInfo,FlatBuffers,0,128,1699002231999,32
SocialInfo,FlatBuffers,0,128,1699002233001,26
SocialInfo,MessagePack-CSharp,0,128,1699002234009,31
SocialInfo,MessagePack-CSharp,0,128,1699002235024,47
SocialInfo,MessagePack-CSharp,0,128,1699002235988,46
SocialInfo,MessagePack-CSharp,0,128,1699002237025,47
SocialInfo,MessagePack-CSharp,0,128,1699002237998,36
SocialInfo,MessagePack-CSharp,0,128,1699002238997,38
SocialInfo,MessagePack-CSharp,0,128,1699002239998,36
SocialInfo,MessagePack-CSharp,0,128,1699002241014,33
SocialInfo,MessagePack-CSharp,0,128,1699002241997,39
SocialInfo,MessagePack-CSharp,0,128,1699002242991,35
SocialInfo,MessagePack-CSharp,0,128,1699002243988,29
SocialInfo,MessagePack-CSharp,0,128,1699002244990,32
SocialInfo,MessagePack-CSharp,0,128,1699002245999,35
SocialInfo,MessagePack-CSharp,0,128,1699002246998,37
SocialInfo,MessagePack-CSharp,0,128,1699002248000,28
SocialInfo,MessagePack-CSharp,0,128,1699002249003,38
SocialInfo,MessagePack-CSharp,0,128,1699002249995,34
SocialInfo,MessagePack-CSharp,0,128,1699002251003,32
SocialInfo,MessagePack-CSharp,0,128,1699002251990,30
SocialInfo,MessagePack-CSharp,0,128,1699002253008,37
SocialInfo,MessagePack-CSharp,0,128,1699002253997,31
SocialInfo,MessagePack-CSharp,0,128,1699002254998,37
SocialInfo,MessagePack-CSharp,0,128,1699002255991,36
SocialInfo,MessagePack-CSharp,0,128,1699002256999,31
SocialInfo,MessagePack-CSharp,0,128,1699002258005,30
SocialInfo,MessagePack-CSharp,0,128,1699002258998,32
SocialInfo,MessagePack-CSharp,0,128,1699002259993,36
SocialInfo,MessagePack-CSharp,0,128,1699002261000,37
SocialInfo,MessagePack-CSharp,0,128,1699002262004,35
SocialInfo,MessagePack-CSharp,0,128,1699002263001,34
SocialInfo,MessagePack-CSharp,0,128,1699002264119,30
SocialInfo,MessagePack-CSharp,0,128,1699002264993,35
SocialInfo,MessagePack-CSharp,0,128,1699002265999,37
SocialInfo,MessagePack-CSharp,0,128,1699002267013,35
SocialInfo,MessagePack-CSharp,0,128,1699002267987,35
SocialInfo,MessagePack-CSharp,0,128,1699002268990,32
SocialInfo,MessagePack-CSharp,0,128,1699002269996,32
SocialInfo,MessagePack-CSharp,0,128,1699002270993,35
SocialInfo,MessagePack-CSharp,0,128,1699002271996,38
SocialInfo,MessagePack-CSharp,0,128,1699002272991,25
SocialInfo,MessagePack-CSharp,0,128,1699002273993,32
SocialInfo,MessagePack-CSharp,0,128,1699002274990,30
SocialInfo,MessagePack-CSharp,0,128,1699002276005,24
SocialInfo,MessagePack-CSharp,0,128,1699002276993,35
SocialInfo,MessagePack-CSharp,0,128,1699002277988,35
SocialInfo,MessagePack-CSharp,0,128,1699002278995,34
SocialInfo,MessagePack-CSharp,0,128,1699002279992,33
SocialInfo,MessagePack-CSharp,0,128,1699002280991,37
SocialInfo,MessagePack-CSharp,0,128,1699002281998,39
SocialInfo,MessagePack-CSharp,0,128,1699002282995,35
SocialInfo,MessagePack-CSharp,0,128,1699002283997,33
SocialInfo,MessagePack-CSharp,0,128,1699002284999,32
SocialInfo,MessagePack-CSharp,0,128,1699002285993,33
SocialInfo,MessagePack-CSharp,0,128,1699002287004,37
SocialInfo,MessagePack-CSharp,0,128,1699002287988,34
SocialInfo,MessagePack-CSharp,0,128,1699002288994,31
SocialInfo,MessagePack-CSharp,0,128,1699002289998,35
SocialInfo,MessagePack-CSharp,0,128,1699002291002,32
SocialInfo,MessagePack-CSharp,0,128,1699002291990,34
SocialInfo,MessagePack-CSharp,0,128,1699002292991,32
SocialInfo,MessagePack-CSharp,0,128,1699002293989,33
SocialInfo,MessagePack-CSharp,0,128,1699002295000,38
SocialInfo,MessagePack-CSharp,0,128,1699002296018,24
SocialInfo,MessagePack-CSharp,0,128,1699002297014,33
SocialInfo,MessagePack-CSharp,0,128,1699002297997,29
SocialInfo,MessagePack-CSharp,0,128,1699002299025,34
SocialInfo,MessagePack-CSharp,0,128,1699002300032,33
SocialInfo,MessagePack-CSharp,0,128,1699002301007,37
SocialInfo,MessagePack-CSharp,0,128,1699002302001,33
SocialInfo,MessagePack-CSharp,0,128,1699002303004,41
SocialInfo,MessagePack-CSharp,0,128,1699002304002,32
SocialInfo,MessagePack-CSharp,0,128,1699002305024,37
SocialInfo,MessagePack-CSharp,0,128,1699002306015,38
SocialInfo,MessagePack-CSharp,0,128,1699002307013,35
SocialInfo,MessagePack-CSharp,0,128,1699002307998,30
SocialInfo,MessagePack-CSharp,0,128,1699002308990,28
SocialInfo,MessagePack-CSharp,0,128,1699002310004,31
SocialInfo,MessagePack-CSharp,0,128,1699002310991,34
SocialInfo,MessagePack-CSharp,0,128,1699002312005,37
SocialInfo,MessagePack-CSharp,0,128,1699002313007,32
SocialInfo,MessagePack-CSharp,0,128,1699002313991,30
SocialInfo,MessagePack-CSharp,0,128,1699002314990,30
SocialInfo,MessagePack-CSharp,0,128,1699002315989,40
SocialInfo,MessagePack-CSharp,0,128,1699002317002,56
SocialInfo,Newtonsoft.Json,0,128,1699002317998,41
SocialInfo,Newtonsoft.Json,0,128,1699002319001,21
SocialInfo,Newtonsoft.Json,0,128,1699002320010,32
SocialInfo,Newtonsoft.Json,0,128,1699002321000,31
SocialInfo,Newtonsoft.Json,0,128,1699002322001,31
SocialInfo,Newtonsoft.Json,0,128,1699002323148,17
SocialInfo,Newtonsoft.Json,0,128,1699002324206,0
SocialInfo,Newtonsoft.Json,0,128,1699002325057,2
SocialInfo,Newtonsoft.Json,0,128,1699002326139,9
SocialInfo,Newtonsoft.Json,0,128,1699002327012,3
SocialInfo,Newtonsoft.Json,0,128,1699002328049,0
SocialInfo,Newtonsoft.Json,0,128,1699002329026,4
SocialInfo,Newtonsoft.Json,0,128,1699002329997,4
SocialInfo,Newtonsoft.Json,0,128,1699002331014,30
SocialInfo,Newtonsoft.Json,0,128,1699002332004,50
SocialInfo,Newtonsoft.Json,0,128,1699002333021,48
SocialInfo,Newtonsoft.Json,0,128,1699002334010,49
SocialInfo,Newtonsoft.Json,0,128,1699002335002,45
SocialInfo,Newtonsoft.Json,0,128,1699002336030,45
SocialInfo,Newtonsoft.Json,0,128,1699002337001,35
SocialInfo,Newtonsoft.Json,0,128,1699002338020,35
SocialInfo,Newtonsoft.Json,0,128,1699002339009,41
SocialInfo,Newtonsoft.Json,0,128,1699002340018,40
SocialInfo,Newtonsoft.Json,0,128,1699002341021,38
SocialInfo,Newtonsoft.Json,0,128,1699002342022,39
SocialInfo,Newtonsoft.Json,0,128,1699002342993,34
SocialInfo,Newtonsoft.Json,0,128,1699002344010,34
SocialInfo,Newtonsoft.Json,0,128,1699002345000,40
SocialInfo,Newtonsoft.Json,0,128,1699002346029,43
SocialInfo,Newtonsoft.Json,0,128,1699002347005,38
SocialInfo,Newtonsoft.Json,0,128,1699002347997,36
SocialInfo,Newtonsoft.Json,0,128,1699002348999,35
SocialInfo,Newtonsoft.Json,0,128,1699002349996,35
SocialInfo,Newtonsoft.Json,0,128,1699002351025,38
SocialInfo,Newtonsoft.Json,0,128,1699002351993,36
SocialInfo,Newtonsoft.Json,0,128,1699002352995,39
SocialInfo,Newtonsoft.Json,0,128,1699002353988,29
SocialInfo,Newtonsoft.Json,0,128,1699002354988,35
SocialInfo,Newtonsoft.Json,0,128,1699002356030,35
SocialInfo,Newtonsoft.Json,0,128,1699002356992,43
SocialInfo,Protobuf,0,128,1699002357995,2
SocialInfo,Protobuf,0,128,1699002358991,24
SocialInfo,Protobuf,0,128,1699002359995,36
SocialInfo,Protobuf,0,128,1699002360998,34
SocialInfo,Protobuf,0,128,1699002362003,35
SocialInfo,Protobuf,0,128,1699002362999,37
SocialInfo,Protobuf,0,128,1699002364011,35
SocialInfo,Protobuf,0,128,1699002364996,33
SocialInfo,Protobuf,0,128,1699002365998,43
SocialInfo,Protobuf,0,128,1699002366988,34
SocialInfo,Protobuf,0,128,1699002367998,36
SocialInfo,Protobuf,0,128,1699002368992,38
SocialInfo,Protobuf,0,128,1699002369991,33
SocialInfo,Protobuf,0,128,1699002370999,33
SocialInfo,Protobuf,0,128,1699002372009,38
SocialInfo,Protobuf,0,128,1699002372995,29
SocialInfo,Protobuf,0,128,1699002373987,38
SocialInfo,Protobuf,0,128,1699002374998,34
SocialInfo,Protobuf,0,128,1699002375995,32
SocialInfo,Protobuf,0,128,1699002376989,37
SocialInfo,Protobuf,0,128,1699002377994,33
SocialInfo,Protobuf,0,128,1699002378988,32
SocialInfo,Protobuf,0,128,1699002380019,30
SocialInfo,Protobuf,0,128,1699002381006,30
SocialInfo,Protobuf,0,128,1699002381993,33
SocialInfo,Protobuf,0,128,1699002383001,32
SocialInfo,Protobuf,0,128,1699002384009,30
SocialInfo,Protobuf,0,128,1699002384989,37
SocialInfo,Protobuf,0,128,1699002386002,35
SocialInfo,Protobuf,0,128,1699002386991,33
SocialInfo,Protobuf,0,128,1699002388003,25
SocialInfo,Protobuf,0,128,1699002389006,28
SocialInfo,Protobuf,0,128,1699002389991,33
SocialInfo,Protobuf,0,128,1699002390991,32
SocialInfo,Protobuf,0,128,1699002392006,33
SocialInfo,Protobuf,0,128,1699002392987,30
SocialInfo,Protobuf,0,128,1699002394012,34
SocialInfo,Protobuf,0,128,1699002394996,35
SocialInfo,Protobuf,0,128,1699002396003,34
SocialInfo,Protobuf,0,128,1699002397001,33
SocialInfo,Protobuf,0,128,1699002397998,34
SocialInfo,Protobuf,0,128,1699002398994,41
SocialInfo,Protobuf,0,128,1699002399995,33
SocialInfo,Protobuf,0,128,1699002400990,31
SocialInfo,Protobuf,0,128,1699002401996,38
SocialInfo,Protobuf,0,128,1699002402989,37
SocialInfo,Protobuf,0,128,1699002404020,34
SocialInfo,Protobuf,0,128,1699002405005,36
SocialInfo,Protobuf,0,128,1699002405996,34
SocialInfo,Protobuf,0,128,1699002407025,34
SocialInfo,Protobuf,0,128,1699002408000,38
SocialInfo,Protobuf,0,128,1699002409029,31
SocialInfo,Protobuf,0,128,1699002409989,32
SocialInfo,Protobuf,0,128,1699002411001,31
SocialInfo,Protobuf,0,128,1699002412007,30
SocialInfo,Protobuf,0,128,1699002412994,37
SocialInfo,Protobuf,0,128,1699002414012,41
SocialInfo,Protobuf,0,128,1699002414991,36
SocialInfo,Protobuf,0,128,1699002416002,38
SocialInfo,Protobuf,0,128,1699002417030,35
SocialInfo,Protobuf,0,128,1699002418000,35
SocialInfo,Protobuf,0,128,1699002419008,34
SocialInfo,Protobuf,0,128,1699002420012,36
SocialInfo,Protobuf,0,128,1699002420990,38
SocialInfo,Protobuf,0,128,1699002422001,34
SocialInfo,Protobuf,0,128,1699002423004,37
SocialInfo,Protobuf,0,128,1699002423990,43
SocialInfo,Protobuf,0,128,1699002424992,43
SocialInfo,Protobuf,0,128,1699002425989,35
SocialInfo,Protobuf,0,128,1699002427032,38
SocialInfo,Thrift,0,128,1699002428003,10
SocialInfo,Thrift,0,128,1699002429042,0
SocialInfo,Thrift,0,128,1699002430019,0
SocialInfo,Thrift,0,128,1699002431000,0
SocialInfo,Thrift,0,128,1699002432231,0
SocialInfo,Thrift,0,128,1699002433071,1
SocialInfo,Thrift,0,128,1699002434001,10
SocialInfo,Thrift,0,128,1699002434996,47
SocialInfo,Thrift,0,128,1699002436040,51
SocialInfo,Thrift,0,128,1699002437004,46
SocialInfo,Thrift,0,128,1699002438024,46
SocialInfo,Thrift,0,128,1699002438994,36
SocialInfo,Thrift,0,128,1699002439990,32
SocialInfo,Thrift,0,128,1699002441002,39
SocialInfo,Thrift,0,128,1699002442023,33
SocialInfo,Thrift,0,128,1699002443004,37
SocialInfo,Thrift,0,128,1699002444001,36
SocialInfo,Thrift,0,128,1699002445007,34
SocialInfo,Thrift,0,128,1699002445992,33
SocialInfo,Thrift,0,128,1699002446994,32
SocialInfo,Thrift,0,128,1699002448004,34
SocialInfo,Thrift,0,128,1699002449007,40
SocialInfo,Thrift,0,128,1699002449996,39
SocialInfo,Thrift,0,128,1699002451026,42
SocialInfo,Thrift,0,128,1699002451992,34
SocialInfo,Thrift,0,128,1699002453007,41
SocialInfo,Thrift,0,128,1699002453990,34
SocialInfo,Thrift,0,128,1699002454994,40
SocialInfo,Thrift,0,128,1699002455996,38
SocialInfo,Thrift,0,128,1699002456993,43
SocialInfo,Thrift,0,128,1699002457999,39
SocialInfo,Thrift,0,128,1699002459017,37
SocialInfo,Thrift,0,128,1699002460017,40
SocialInfo,Thrift,0,128,1699002461035,42
SocialInfo,Thrift,0,128,1699002461996,37
SocialInfo,Thrift,0,128,1699002462989,37
SocialInfo,Thrift,0,128,1699002464003,32
Channel,Avro,0,64,1699002736993,13
Channel,Avro,0,64,1699002737370,22
Channel,Avro,0,64,1699002738295,51
Channel,Avro,0,64,1699002739299,29
Channel,Avro,0,64,1699002740320,44
Channel,Avro,0,64,1699002741296,39
Channel,Avro,0,64,1699002742292,36
Channel,Avro,0,64,1699002743291,41
Channel,Avro,0,64,1699002744356,40
Channel,Avro,0,64,1699002745289,42
Channel,Avro,0,64,1699002746287,39
Channel,Avro,0,64,1699002747295,34
Channel,Avro,0,64,1699002748302,47
Channel,Avro,0,64,1699002749293,40
Channel,Avro,0,64,1699002750295,41
Channel,Avro,0,64,1699002751297,34
VideoInfo,Avro,0,64,1699002858906,12
VideoInfo,Avro,0,64,1699002859795,54
VideoInfo,Avro,0,64,1699002860810,27
VideoInfo,Avro,0,64,1699002861815,39
VideoInfo,Avro,0,64,1699002862797,39
VideoInfo,Avro,0,64,1699002863797,45
VideoInfo,Avro,0,64,1699002864785,40
VideoInfo,Avro,0,64,1699002865803,43
VideoInfo,Avro,0,64,1699002866791,38
VideoInfo,Avro,0,64,1699002867786,42
VideoInfo,Avro,0,64,1699002868781,41
VideoInfo,Avro,0,64,1699002869784,43
VideoInfo,Avro,0,64,1699002870797,40
VideoInfo,Avro,0,64,1699002871786,35
VideoInfo,CapnProto,0,64,1699002872790,19
VideoInfo,CapnProto,0,64,1699002873803,17
VideoInfo,CapnProto,0,64,1699002874799,39
VideoInfo,CapnProto,0,64,1699002875783,42
VideoInfo,CapnProto,0,64,1699002876791,42
VideoInfo,CapnProto,0,64,1699002877795,44
VideoInfo,CapnProto,0,64,1699002878784,34
VideoInfo,CapnProto,0,64,1699002879796,44
VideoInfo,CapnProto,0,64,1699002880800,42
VideoInfo,CapnProto,0,64,1699002881799,48
VideoInfo,CapnProto,0,64,1699002882822,34
VideoInfo,CapnProto,0,64,1699002883803,36
VideoInfo,CapnProto,0,64,1699002884785,46
VideoInfo,CapnProto,0,64,1699002885782,46
VideoInfo,CapnProto,0,64,1699002886799,42
VideoInfo,CapnProto,0,64,1699002887792,40
VideoInfo,CapnProto,0,64,1699002888785,35
VideoInfo,CapnProto,0,64,1699002889804,39
VideoInfo,CapnProto,0,64,1699002890790,42
VideoInfo,CapnProto,0,64,1699002891813,43
VideoInfo,CapnProto,0,64,1699002892789,41
VideoInfo,CapnProto,0,64,1699002893790,37
VideoInfo,CapnProto,0,64,1699002894792,33
VideoInfo,CapnProto,0,64,1699002895781,39
VideoInfo,CapnProto,0,64,1699002896824,48
VideoInfo,CapnProto,0,64,1699002897793,44
VideoInfo,CapnProto,0,64,1699002898809,37
VideoInfo,CapnProto,0,64,1699002899795,46
VideoInfo,CapnProto,0,64,1699002900823,37
VideoInfo,CapnProto,0,64,1699002901811,37
VideoInfo,CapnProto,0,64,1699002902790,46
VideoInfo,CapnProto,0,64,1699002903812,45
VideoInfo,CapnProto,0,64,1699002904781,42
VideoInfo,CapnProto,0,64,1699002905802,45
VideoInfo,CapnProto,0,64,1699002906783,40
VideoInfo,CapnProto,0,64,1699002907782,39
VideoInfo,CapnProto,0,64,1699002908795,42
VideoInfo,FlatBuffers,0,64,1699002909792,10
VideoInfo,FlatBuffers,0,64,1699002910782,39
VideoInfo,FlatBuffers,0,64,1699002911797,36
VideoInfo,FlatBuffers,0,64,1699002912794,38
VideoInfo,FlatBuffers,0,64,1699002913793,43
VideoInfo,FlatBuffers,0,64,1699002914792,40
VideoInfo,FlatBuffers,0,64,1699002915784,35
VideoInfo,FlatBuffers,0,64,1699002916880,39
VideoInfo,FlatBuffers,0,64,1699002917813,26
VideoInfo,FlatBuffers,0,64,1699002918782,8
VideoInfo,FlatBuffers,0,64,1699002919826,16
VideoInfo,FlatBuffers,0,64,1699002920809,40
VideoInfo,FlatBuffers,0,64,1699002921787,55
VideoInfo,FlatBuffers,0,64,1699002922797,45
VideoInfo,FlatBuffers,0,64,1699002923793,41
VideoInfo,FlatBuffers,0,64,1699002924866,44
VideoInfo,FlatBuffers,0,64,1699002925783,32
VideoInfo,FlatBuffers,0,64,1699002927026,13
VideoInfo,FlatBuffers,0,64,1699002927783,42
VideoInfo,FlatBuffers,0,64,1699002928786,41
VideoInfo,FlatBuffers,0,64,1699002929809,40
VideoInfo,FlatBuffers,0,64,1699002930852,38
VideoInfo,FlatBuffers,0,64,1699002931844,48
VideoInfo,FlatBuffers,0,64,1699002932785,43
VideoInfo,FlatBuffers,0,64,1699002933787,43
VideoInfo,FlatBuffers,0,64,1699002934815,37
VideoInfo,FlatBuffers,0,64,1699002935795,32
VideoInfo,FlatBuffers,0,64,1699002936790,14
VideoInfo,MessagePack-CSharp,0,64,1699002937787,0
VideoInfo,MessagePack-CSharp,0,64,1699002938829,0
VideoInfo,MessagePack-CSharp,0,64,1699002939857,0
VideoInfo,MessagePack-CSharp,0,64,1699002940903,0
VideoInfo,MessagePack-CSharp,0,64,1699002941952,12
VideoInfo,MessagePack-CSharp,0,64,1699002942796,34
VideoInfo,MessagePack-CSharp,0,64,1699002943788,46
VideoInfo,MessagePack-CSharp,0,64,1699002944834,41
VideoInfo,MessagePack-CSharp,0,64,1699002945824,46
VideoInfo,MessagePack-CSharp,0,64,1699002946796,45
VideoInfo,MessagePack-CSharp,0,64,1699002947787,42
VideoInfo,MessagePack-CSharp,0,64,1699002948788,44
VideoInfo,MessagePack-CSharp,0,64,1699002949860,48
VideoInfo,MessagePack-CSharp,0,64,1699002950805,35
VideoInfo,MessagePack-CSharp,0,64,1699002951786,37
VideoInfo,MessagePack-CSharp,0,64,1699002952791,37
VideoInfo,MessagePack-CSharp,0,64,1699002953855,44
VideoInfo,MessagePack-CSharp,0,64,1699002954799,39
VideoInfo,MessagePack-CSharp,0,64,1699002955873,45
VideoInfo,MessagePack-CSharp,0,64,1699002956824,51
VideoInfo,Newtonsoft.Json,0,64,1699002957793,30
VideoInfo,Newtonsoft.Json,0,64,1699002958816,12
VideoInfo,Newtonsoft.Json,0,64,1699002959899,44
VideoInfo,Newtonsoft.Json,0,64,1699002960788,38
VideoInfo,Newtonsoft.Json,0,64,1699002961782,39
VideoInfo,Newtonsoft.Json,0,64,1699002962791,35
VideoInfo,Newtonsoft.Json,0,64,1699002963792,34
VideoInfo,Newtonsoft.Json,0,64,1699002964795,46
VideoInfo,Newtonsoft.Json,0,64,1699002965809,40
VideoInfo,Newtonsoft.Json,0,64,1699002966791,42
VideoInfo,Newtonsoft.Json,0,64,1699002967812,34
VideoInfo,Newtonsoft.Json,0,64,1699002968794,41
VideoInfo,Newtonsoft.Json,0,64,1699002969798,43
VideoInfo,Newtonsoft.Json,0,64,1699002970786,44
VideoInfo,Newtonsoft.Json,0,64,1699002971788,39
VideoInfo,Newtonsoft.Json,0,64,1699002972796,33
VideoInfo,Newtonsoft.Json,0,64,1699002973815,40
VideoInfo,Newtonsoft.Json,0,64,1699002974790,38
VideoInfo,Newtonsoft.Json,0,64,1699002975794,45
VideoInfo,Newtonsoft.Json,0,64,1699002976807,40
VideoInfo,Newtonsoft.Json,0,64,1699002977810,26
VideoInfo,Newtonsoft.Json,0,64,1699002978797,34
VideoInfo,Newtonsoft.Json,0,64,1699002979819,33
VideoInfo,Newtonsoft.Json,0,64,1699002980805,42
VideoInfo,Newtonsoft.Json,0,64,1699002981842,49
VideoInfo,Newtonsoft.Json,0,64,1699002982790,39
VideoInfo,Newtonsoft.Json,0,64,1699002983797,36
VideoInfo,Newtonsoft.Json,0,64,1699002984792,43
VideoInfo,Newtonsoft.Json,0,64,1699002985785,28
VideoInfo,Newtonsoft.Json,0,64,1699002986805,38
VideoInfo,Newtonsoft.Json,0,64,1699002987788,39
VideoInfo,Newtonsoft.Json,0,64,1699002988796,34
VideoInfo,Newtonsoft.Json,0,64,1699002989790,43
VideoInfo,Newtonsoft.Json,0,64,1699002990785,43
VideoInfo,Newtonsoft.Json,0,64,1699002991800,35
VideoInfo,Newtonsoft.Json,0,64,1699002992826,39
VideoInfo,Newtonsoft.Json,0,64,1699002993795,36
VideoInfo,Newtonsoft.Json,0,64,1699002994796,49
VideoInfo,Newtonsoft.Json,0,64,1699002995792,44
VideoInfo,Newtonsoft.Json,0,64,1699002996799,44
VideoInfo,Newtonsoft.Json,0,64,1699002997783,39
VideoInfo,Protobuf,0,64,1699002998791,17
VideoInfo,Protobuf,0,64,1699002999825,0
VideoInfo,Protobuf,0,64,1699003000968,0
VideoInfo,Protobuf,0,64,1699003001812,0
VideoInfo,Protobuf,0,64,1699003002796,12
VideoInfo,Protobuf,0,64,1699003003786,53
VideoInfo,Protobuf,0,64,1699003004797,48
VideoInfo,Protobuf,0,64,1699003005800,41
VideoInfo,Protobuf,0,64,1699003006804,41
VideoInfo,Protobuf,0,64,1699003007813,46
VideoInfo,Protobuf,0,64,1699003008809,44
VideoInfo,Protobuf,0,64,1699003009799,40
VideoInfo,Protobuf,0,64,1699003010823,43
VideoInfo,Protobuf,0,64,1699003011786,42
VideoInfo,Protobuf,0,64,1699003012800,39
VideoInfo,Protobuf,0,64,1699003013797,40
VideoInfo,Protobuf,0,64,1699003014790,37
VideoInfo,Thrift,0,64,1699003015798,34
VideoInfo,Thrift,0,64,1699003016833,0
VideoInfo,Thrift,0,64,1699003017828,0
VideoInfo,Thrift,0,64,1699003018801,0
VideoInfo,Thrift,0,64,1699003019787,31
VideoInfo,Thrift,0,64,1699003020854,53
VideoInfo,Thrift,0,64,1699003021894,35
VideoInfo,Thrift,0,64,1699003022823,52
VideoInfo,Thrift,0,64,1699003023787,39
VideoInfo,Thrift,0,64,1699003024796,46
VideoInfo,Thrift,0,64,1699003025810,39
VideoInfo,Thrift,0,64,1699003026806,34
VideoInfo,Thrift,0,64,1699003027816,38
VideoInfo,Thrift,0,64,1699003028783,46
VideoInfo,Thrift,0,64,1699003029791,41
VideoInfo,Thrift,0,64,1699003030784,36
VideoInfo,Thrift,0,64,1699003031810,36
VideoInfo,Thrift,0,64,1699003032785,25
VideoInfo,Avro,0,128,1699003033787,25
VideoInfo,Avro,0,128,1699003034846,17
VideoInfo,Avro,0,128,1699003035796,32
VideoInfo,Avro,0,128,1699003036795,38
VideoInfo,Avro,0,128,1699003037792,37
VideoInfo,Avro,0,128,1699003038799,45
VideoInfo,Avro,0,128,1699003039822,40
VideoInfo,Avro,0,128,1699003040801,42
VideoInfo,Avro,0,128,1699003041794,40
VideoInfo,Avro,0,128,1699003042799,37
VideoInfo,Avro,0,128,1699003043781,35
VideoInfo,Avro,0,128,1699003044815,34
VideoInfo,Avro,0,128,1699003045859,45
VideoInfo,Avro,0,128,1699003046793,40
VideoInfo,Avro,0,128,1699003047784,34
VideoInfo,Avro,0,128,1699003048795,35
VideoInfo,Avro,0,128,1699003049813,36
VideoInfo,Avro,0,128,1699003050785,34
VideoInfo,Avro,0,128,1699003051792,41
VideoInfo,Avro,0,128,1699003052785,38
VideoInfo,Avro,0,128,1699003053783,33
VideoInfo,Avro,0,128,1699003054786,32
VideoInfo,Avro,0,128,1699003055794,37
VideoInfo,Avro,0,128,1699003056780,42
VideoInfo,Avro,0,128,1699003057795,40
VideoInfo,Avro,0,128,1699003058795,37
VideoInfo,Avro,0,128,1699003059791,34
VideoInfo,Avro,0,128,1699003060818,35
VideoInfo,Avro,0,128,1699003061798,33
VideoInfo,Avro,0,128,1699003062789,37
VideoInfo,Avro,0,128,1699003063800,38
VideoInfo,Avro,0,128,1699003064788,34
VideoInfo,Avro,0,128,1699003065782,34
VideoInfo,Avro,0,128,1699003066786,36
VideoInfo,Avro,0,128,1699003067782,35
VideoInfo,Avro,0,128,1699003068791,38
VideoInfo,Avro,0,128,1699003069822,45
VideoInfo,Avro,0,128,1699003070796,40
VideoInfo,Avro,0,128,1699003071816,41
VideoInfo,Avro,0,128,1699003072796,37
VideoInfo,Avro,0,128,1699003073802,31
VideoInfo,Avro,0,128,1699003074804,29
VideoInfo,Avro,0,128,1699003075787,36
VideoInfo,Avro,0,128,1699003076784,43
VideoInfo,Avro,0,128,1699003077799,29
VideoInfo,Avro,0,128,1699003078875,48
VideoInfo,Avro,0,128,1699003079790,39
VideoInfo,Avro,0,128,1699003080805,30
VideoInfo,Avro,0,128,1699003081894,39
VideoInfo,Avro,0,128,1699003082791,40
VideoInfo,Avro,0,128,1699003083794,40
VideoInfo,Avro,0,128,1699003084788,38
VideoInfo,Avro,0,128,1699003085814,40
VideoInfo,Avro,0,128,1699003086795,39
VideoInfo,Avro,0,128,1699003087800,30
VideoInfo,Avro,0,128,1699003088784,27
VideoInfo,Avro,0,128,1699003089791,47
VideoInfo,Avro,0,128,1699003090803,45
VideoInfo,Avro,0,128,1699003091786,38
VideoInfo,Avro,0,128,1699003092790,45
VideoInfo,Avro,0,128,1699003093797,31
VideoInfo,Avro,0,128,1699003094783,29
VideoInfo,Avro,0,128,1699003095793,40
VideoInfo,Avro,0,128,1699003096790,35
VideoInfo,Avro,0,128,1699003097788,35
VideoInfo,Avro,0,128,1699003098800,33
VideoInfo,Avro,0,128,1699003099793,37
VideoInfo,Avro,0,128,1699003100808,31
VideoInfo,Avro,0,128,1699003101786,37
VideoInfo,Avro,0,128,1699003102805,35
VideoInfo,Avro,0,128,1699003103785,50
VideoInfo,Avro,0,128,1699003104796,36
VideoInfo,Avro,0,128,1699003105798,42
VideoInfo,Avro,0,128,1699003106791,37
VideoInfo,Avro,0,128,1699003107790,30
VideoInfo,Avro,0,128,1699003108812,45
VideoInfo,Avro,0,128,1699003109815,40
VideoInfo,Avro,0,128,1699003110813,44
VideoInfo,Avro,0,128,1699003111820,45
VideoInfo,Avro,0,128,1699003112792,43
VideoInfo,Avro,0,128,1699003113800,46
VideoInfo,Avro,0,128,1699003114784,36
VideoInfo,Avro,0,128,1699003115786,46
VideoInfo,Avro,0,128,1699003116799,44
VideoInfo,Avro,0,128,1699003117810,40
VideoInfo,Avro,0,128,1699003118787,41
SocialInfo,Avro,0,64,1699003148656,12
SocialInfo,Avro,0,64,1699003149322,27
SocialInfo,Avro,0,64,1699003150315,16
SocialInfo,Avro,0,64,1699003151316,28
SocialInfo,Avro,0,64,1699003152326,25
SocialInfo,Avro,0,64,1699003153321,34
SocialInfo,Avro,0,64,1699003154347,27
SocialInfo,Avro,0,64,1699003155323,36
SocialInfo,Avro,0,64,1699003156317,30
SocialInfo,Avro,0,64,1699003157315,38
SocialInfo,Avro,0,64,1699003158337,40
SocialInfo,Avro,0,64,1699003159460,46
SocialInfo,Avro,0,64,1699003160355,47
SocialInfo,Avro,0,64,1699003161321,46
SocialInfo,Avro,0,64,1699003162333,35
SocialInfo,Avro,0,64,1699003163315,37
SocialInfo,Avro,0,64,1699003164328,40
SocialInfo,Avro,0,64,1699003165321,32
SocialInfo,Avro,0,64,1699003166315,37
SocialInfo,Avro,0,64,1699003167316,40
SocialInfo,Avro,0,64,1699003168323,40
SocialInfo,Avro,0,64,1699003169332,45
SocialInfo,Avro,0,64,1699003170323,45
SocialInfo,Avro,0,64,1699003171331,46
SocialInfo,Avro,0,64,1699003172340,40
SocialInfo,Avro,0,64,1699003173381,45
SocialInfo,Avro,0,64,1699003174316,35
SocialInfo,Avro,0,64,1699003175323,40
SocialInfo,Avro,0,64,1699003176349,44
SocialInfo,Avro,0,64,1699003177314,47
SocialInfo,Avro,0,64,1699003178342,37
SocialInfo,Avro,0,64,1699003179338,41
SocialInfo,Avro,0,64,1699003180322,44
SocialInfo,Avro,0,64,1699003181330,39
SocialInfo,Avro,0,64,1699003182354,40
SocialInfo,Avro,0,64,1699003183316,44
SocialInfo,Avro,0,64,1699003184317,43
SocialInfo,Avro,0,64,1699003185315,37
SocialInfo,Avro,0,64,1699003186323,44
SocialInfo,Avro,0,64,1699003187323,41
SocialInfo,Avro,0,64,1699003188342,39
SocialInfo,Avro,0,64,1699003189317,39
SocialInfo,Avro,0,64,1699003190339,34
SocialInfo,Avro,0,64,1699003191325,42
SocialInfo,Avro,0,64,1699003192322,44
SocialInfo,Avro,0,64,1699003193352,41
SocialInfo,Avro,0,64,1699003194325,28
SocialInfo,Avro,0,64,1699003195313,39
SocialInfo,CapnProto,0,64,1699003196325,18
SocialInfo,CapnProto,0,64,1699003197318,10
SocialInfo,CapnProto,0,64,1699003198329,38
SocialInfo,CapnProto,0,64,1699003199326,36
SocialInfo,CapnProto,0,64,1699003200317,32
SocialInfo,CapnProto,0,64,1699003201321,20
SocialInfo,CapnProto,0,64,1699003202323,23
SocialInfo,CapnProto,0,64,1699003203315,31
SocialInfo,CapnProto,0,64,1699003204326,25
SocialInfo,CapnProto,0,64,1699003205314,28
SocialInfo,CapnProto,0,64,1699003206319,32
SocialInfo,CapnProto,0,64,1699003207316,25
SocialInfo,CapnProto,0,64,1699003208322,46
SocialInfo,CapnProto,0,64,1699003209314,42
SocialInfo,CapnProto,0,64,1699003210318,43
SocialInfo,CapnProto,0,64,1699003211320,36
SocialInfo,CapnProto,0,64,1699003212342,48
SocialInfo,CapnProto,0,64,1699003213326,38
SocialInfo,CapnProto,0,64,1699003214330,43
SocialInfo,CapnProto,0,64,1699003215325,40
SocialInfo,CapnProto,0,64,1699003216340,47
SocialInfo,CapnProto,0,64,1699003217332,39
SocialInfo,CapnProto,0,64,1699003218334,42
SocialInfo,CapnProto,0,64,1699003219327,37
SocialInfo,CapnProto,0,64,1699003220321,40
SocialInfo,CapnProto,0,64,1699003221385,43
SocialInfo,CapnProto,0,64,1699003222330,36
SocialInfo,CapnProto,0,64,1699003223326,39
SocialInfo,CapnProto,0,64,1699003224327,42
SocialInfo,CapnProto,0,64,1699003225325,41
SocialInfo,CapnProto,0,64,1699003226359,37
SocialInfo,CapnProto,0,64,1699003227342,39
SocialInfo,CapnProto,0,64,1699003228336,44
SocialInfo,CapnProto,0,64,1699003229343,43
SocialInfo,CapnProto,0,64,1699003230315,36
SocialInfo,CapnProto,0,64,1699003231343,38
SocialInfo,CapnProto,0,64,1699003232327,36
SocialInfo,CapnProto,0,64,1699003233346,35
SocialInfo,CapnProto,0,64,1699003234327,34
SocialInfo,CapnProto,0,64,1699003235323,33
SocialInfo,CapnProto,0,64,1699003236343,29
SocialInfo,CapnProto,0,64,1699003237319,38
SocialInfo,CapnProto,0,64,1699003238330,35
SocialInfo,CapnProto,0,64,1699003239324,28
SocialInfo,CapnProto,0,64,1699003240316,26
SocialInfo,CapnProto,0,64,1699003241323,33
SocialInfo,CapnProto,0,64,1699003242323,25
SocialInfo,CapnProto,0,64,1699003243314,19
SocialInfo,FlatBuffers,0,64,1699003244319,3
SocialInfo,FlatBuffers,0,64,1699003245330,21
SocialInfo,FlatBuffers,0,64,1699003246313,34
SocialInfo,FlatBuffers,0,64,1699003247335,32
SocialInfo,FlatBuffers,0,64,1699003248318,43
SocialInfo,FlatBuffers,0,64,1699003249318,35
SocialInfo,FlatBuffers,0,64,1699003250331,32
SocialInfo,FlatBuffers,0,64,1699003251333,24
SocialInfo,FlatBuffers,0,64,1699003252317,27
SocialInfo,FlatBuffers,0,64,1699003253313,29
SocialInfo,FlatBuffers,0,64,1699003254322,25
SocialInfo,FlatBuffers,0,64,1699003255317,17
SocialInfo,FlatBuffers,0,64,1699003256314,18
SocialInfo,FlatBuffers,0,64,1699003257323,26
SocialInfo,FlatBuffers,0,64,1699003258331,32
SocialInfo,FlatBuffers,0,64,1699003259316,27
SocialInfo,FlatBuffers,0,64,1699003260331,29
SocialInfo,FlatBuffers,0,64,1699003261313,35
SocialInfo,FlatBuffers,0,64,1699003262320,37
SocialInfo,FlatBuffers,0,64,1699003263325,34
SocialInfo,FlatBuffers,0,64,1699003264329,33
SocialInfo,FlatBuffers,0,64,1699003265313,20
SocialInfo,FlatBuffers,0,64,1699003266323,19
SocialInfo,FlatBuffers,0,64,1699003267314,38
SocialInfo,FlatBuffers,0,64,1699003268339,42
SocialInfo,FlatBuffers,0,64,1699003269318,41
SocialInfo,FlatBuffers,0,64,1699003270319,28
SocialInfo,FlatBuffers,0,64,1699003271344,30
SocialInfo,FlatBuffers,0,64,1699003272323,34
SocialInfo,FlatBuffers,0,64,1699003273321,39
SocialInfo,FlatBuffers,0,64,1699003274323,31
SocialInfo,FlatBuffers,0,64,1699003275329,39
SocialInfo,FlatBuffers,0,64,1699003276333,38
SocialInfo,FlatBuffers,0,64,1699003277318,36
SocialInfo,FlatBuffers,0,64,1699003278325,34
SocialInfo,FlatBuffers,0,64,1699003279343,34
SocialInfo,FlatBuffers,0,64,1699003280323,41
SocialInfo,FlatBuffers,0,64,1699003281344,44
SocialInfo,FlatBuffers,0,64,1699003282337,38
SocialInfo,FlatBuffers,0,64,1699003283318,30
SocialInfo,FlatBuffers,0,64,1699003284325,29
SocialInfo,FlatBuffers,0,64,1699003285323,36
SocialInfo,FlatBuffers,0,64,1699003286320,29
SocialInfo,FlatBuffers,0,64,1699003287322,37
SocialInfo,FlatBuffers,0,64,1699003288321,44
SocialInfo,FlatBuffers,0,64,1699003289315,37
SocialInfo,FlatBuffers,0,64,1699003290319,26
SocialInfo,FlatBuffers,0,64,1699003291330,31
SocialInfo,FlatBuffers,0,64,1699003292324,22
SocialInfo,FlatBuffers,0,64,1699003293317,36
SocialInfo,FlatBuffers,0,64,1699003294330,37
SocialInfo,FlatBuffers,0,64,1699003295327,34
SocialInfo,FlatBuffers,0,64,1699003296332,26
Video,Avro,0,64,1699004386168,14
Video,Avro,0,64,1699004386813,50
Video,Avro,0,64,1699004387809,28
Video,Avro,0,64,1699004388791,38
Video,Avro,0,64,1699004389808,41
Video,Avro,0,64,1699004390789,40
Video,Avro,0,64,1699004391790,42
Video,Avro,0,64,1699004392787,38
Video,Avro,0,64,1699004393799,40
Video,Avro,0,64,1699004394797,41
Video,Avro,0,64,1699004395815,41
Video,Avro,0,64,1699004396809,38
Video,Avro,0,64,1699004397795,43
Video,Avro,0,64,1699004398809,37
Video,CapnProto,0,64,1699004399798,9
Video,CapnProto,0,64,1699004400867,36
Video,CapnProto,0,64,1699004401792,37
Video,CapnProto,0,64,1699004402792,39
Video,CapnProto,0,64,1699004403793,36
Video,CapnProto,0,64,1699004404793,40
Video,CapnProto,0,64,1699004405806,42
Video,CapnProto,0,64,1699004406809,45
Video,CapnProto,0,64,1699004407798,42
Video,CapnProto,0,64,1699004408801,35
Video,CapnProto,0,64,1699004409787,47
Video,CapnProto,0,64,1699004410791,38
Video,CapnProto,0,64,1699004411828,44
Video,CapnProto,0,64,1699004412799,43
Video,CapnProto,0,64,1699004413791,34
Video,CapnProto,0,64,1699004414800,31
Video,CapnProto,0,64,1699004415794,45
Video,CapnProto,0,64,1699004416806,49
Video,CapnProto,0,64,1699004417788,40
Video,CapnProto,0,64,1699004418804,38
Video,CapnProto,0,64,1699004419795,30
Video,CapnProto,0,64,1699004420786,38
Video,CapnProto,0,64,1699004421805,34
Video,CapnProto,0,64,1699004422792,34
Video,CapnProto,0,64,1699004423805,43
Video,CapnProto,0,64,1699004424801,39
Video,CapnProto,0,64,1699004425805,39
Video,CapnProto,0,64,1699004426800,37
Video,CapnProto,0,64,1699004427790,38
Video,CapnProto,0,64,1699004428800,42
Video,CapnProto,0,64,1699004429806,41
Video,CapnProto,0,64,1699004430786,44
Video,CapnProto,0,64,1699004431854,42
Video,CapnProto,0,64,1699004432794,49
Video,CapnProto,0,64,1699004433817,38
Video,CapnProto,0,64,1699004434812,36
Channel,Avro,0,64,1699004467072,22
Channel,Avro,0,64,1699004467898,41
Channel,Avro,0,64,1699004468886,45
Channel,Avro,0,64,1699004469891,29
Channel,Avro,0,64,1699004470901,39
Channel,Avro,0,64,1699004471883,31
Channel,Avro,0,64,1699004472886,41
Channel,Avro,0,64,1699004473882,33
Channel,Avro,0,64,1699004474892,40
Channel,Avro,0,64,1699004475905,33
Channel,Avro,0,64,1699004476882,36
Channel,Avro,0,64,1699004477900,38
Channel,Avro,0,64,1699004478881,35
Channel,Avro,0,64,1699004479890,37
Channel,Avro,0,64,1699004480899,43
Channel,Avro,0,64,1699004481888,31
Channel,Avro,0,64,1699004482887,29
Channel,Avro,0,64,1699004483881,29
Channel,Avro,0,64,1699004484897,29
Channel,Avro,0,64,1699004485910,32
Channel,Avro,0,64,1699004486881,30
Channel,Avro,0,64,1699004487902,29
Channel,Avro,0,64,1699004488882,27
Channel,Avro,0,64,1699004489886,30
Channel,Avro,0,64,1699004490881,29
Channel,Avro,0,64,1699004491885,29
Channel,Avro,0,64,1699004492892,29
Channel,CapnProto,0,64,1699004493903,0
Channel,CapnProto,0,64,1699004494937,0
Channel,CapnProto,0,64,1699004495964,0
Channel,CapnProto,0,64,1699004496922,27
Channel,CapnProto,0,64,1699004497895,44
Channel,CapnProto,0,64,1699004498929,44
Channel,CapnProto,0,64,1699004499894,39
Channel,CapnProto,0,64,1699004500903,36
Channel,CapnProto,0,64,1699004501884,37
Channel,CapnProto,0,64,1699004502881,42
Channel,CapnProto,0,64,1699004503888,45
Channel,CapnProto,0,64,1699004504901,39
Channel,CapnProto,0,64,1699004505882,35
Channel,CapnProto,0,64,1699004506891,41
Channel,CapnProto,0,64,1699004507894,31
Channel,CapnProto,0,64,1699004508911,38
Channel,CapnProto,0,64,1699004509895,30
Channel,CapnProto,0,64,1699004510890,35
Channel,CapnProto,0,64,1699004511884,33
Channel,CapnProto,0,64,1699004512892,34
Channel,CapnProto,0,64,1699004513893,30
Channel,CapnProto,0,64,1699004514896,30
Channel,CapnProto,0,64,1699004515893,28
Channel,CapnProto,0,64,1699004516896,35
Channel,CapnProto,0,64,1699004517886,36
Channel,CapnProto,0,64,1699004518890,31
Channel,CapnProto,0,64,1699004519897,32
Channel,CapnProto,0,64,1699004520915,37
Channel,CapnProto,0,64,1699004521884,33
Channel,CapnProto,0,64,1699004522885,31
Channel,CapnProto,0,64,1699004523885,29
Channel,CapnProto,0,64,1699004524887,32
Channel,CapnProto,0,64,1699004525917,37
Channel,CapnProto,0,64,1699004526886,29
Channel,CapnProto,0,64,1699004527902,37
Channel,CapnProto,0,64,1699004528887,32
Channel,CapnProto,0,64,1699004529892,31
Channel,CapnProto,0,64,1699004530898,28
Channel,FlatBuffers,0,64,1699004531894,0
Channel,FlatBuffers,0,64,1699004532905,34
Channel,FlatBuffers,0,64,1699004533884,32
Channel,FlatBuffers,0,64,1699004534882,34
Channel,FlatBuffers,0,64,1699004535893,29
Channel,FlatBuffers,0,64,1699004536912,29
Channel,FlatBuffers,0,64,1699004537892,25
Channel,FlatBuffers,0,64,1699004538893,32
Channel,FlatBuffers,0,64,1699004539895,37
Channel,FlatBuffers,0,64,1699004540880,37
Channel,FlatBuffers,0,64,1699004541886,39
Channel,FlatBuffers,0,64,1699004542883,37
Channel,FlatBuffers,0,64,1699004543884,29
Channel,FlatBuffers,0,64,1699004544886,29
Channel,FlatBuffers,0,64,1699004545888,29
Channel,FlatBuffers,0,64,1699004546928,29
Channel,FlatBuffers,0,64,1699004547920,39
Channel,FlatBuffers,0,64,1699004548887,36
Channel,FlatBuffers,0,64,1699004549892,32
Channel,FlatBuffers,0,64,1699004550986,41
Channel,FlatBuffers,0,64,1699004551900,38
Channel,FlatBuffers,0,64,1699004552888,35
Channel,FlatBuffers,0,64,1699004553886,33
Channel,FlatBuffers,0,64,1699004555037,26
Channel,FlatBuffers,0,64,1699004555887,25
Channel,FlatBuffers,0,64,1699004556886,30
Channel,FlatBuffers,0,64,1699004557891,29
Channel,FlatBuffers,0,64,1699004558895,26
Channel,FlatBuffers,0,64,1699004559884,34
Channel,FlatBuffers,0,64,1699004560893,31
Channel,FlatBuffers,0,64,1699004562091,42
Channel,FlatBuffers,0,64,1699004562886,23
Channel,FlatBuffers,0,64,1699004563886,41
Channel,FlatBuffers,0,64,1699004564901,44
Channel,FlatBuffers,0,64,1699004565947,39
Channel,FlatBuffers,0,64,1699004566900,36
Channel,FlatBuffers,0,64,1699004567912,34
Channel,FlatBuffers,0,64,1699004568886,35
Channel,FlatBuffers,0,64,1699004569894,40
Channel,FlatBuffers,0,64,1699004570889,36
Channel,FlatBuffers,0,64,1699004571897,37
Channel,FlatBuffers,0,64,1699004572891,34
Channel,FlatBuffers,0,64,1699004574002,36
Channel,FlatBuffers,0,64,1699004574951,42
Channel,FlatBuffers,0,64,1699004575881,39
Channel,FlatBuffers,0,64,1699004576906,41
Channel,FlatBuffers,0,64,1699004577895,35
Channel,FlatBuffers,0,64,1699004578891,36
Channel,FlatBuffers,0,64,1699004579915,35
Channel,FlatBuffers,0,64,1699004580883,31
Channel,FlatBuffers,0,64,1699004581883,33
Channel,FlatBuffers,0,64,1699004582888,32
Channel,FlatBuffers,0,64,1699004583892,31
Channel,FlatBuffers,0,64,1699004584898,31
Channel,FlatBuffers,0,64,1699004585886,30
Channel,FlatBuffers,0,64,1699004586886,23
Channel,MessagePack-CSharp,0,64,1699004587894,0
Channel,MessagePack-CSharp,0,64,1699004588897,32
Channel,MessagePack-CSharp,0,64,1699004589882,32
Channel,MessagePack-CSharp,0,64,1699004590884,32
Channel,MessagePack-CSharp,0,64,1699004591881,29
Channel,MessagePack-CSharp,0,64,1699004592882,23
Channel,MessagePack-CSharp,0,64,1699004593987,43
Channel,MessagePack-CSharp,0,64,1699004594909,43
Channel,MessagePack-CSharp,0,64,1699004595893,35
Channel,MessagePack-CSharp,0,64,1699004596900,28
Channel,MessagePack-CSharp,0,64,1699004597888,34
Channel,MessagePack-CSharp,0,64,1699004598921,36
Channel,MessagePack-CSharp,0,64,1699004599896,36
Channel,MessagePack-CSharp,0,64,1699004600885,30
Channel,MessagePack-CSharp,0,64,1699004601894,27
Channel,MessagePack-CSharp,0,64,1699004602886,30
Channel,MessagePack-CSharp,0,64,1699004603893,30
Channel,MessagePack-CSharp,0,64,1699004604882,29
Channel,MessagePack-CSharp,0,64,1699004605888,26
Channel,MessagePack-CSharp,0,64,1699004606888,26
Channel,MessagePack-CSharp,0,64,1699004607894,32
Channel,MessagePack-CSharp,0,64,1699004608894,29
Channel,MessagePack-CSharp,0,64,1699004609900,34
Channel,MessagePack-CSharp,0,64,1699004610905,35
Channel,MessagePack-CSharp,0,64,1699004611885,37
Channel,MessagePack-CSharp,0,64,1699004612891,32
Channel,MessagePack-CSharp,0,64,1699004613903,38
Channel,MessagePack-CSharp,0,64,1699004614894,36
Channel,MessagePack-CSharp,0,64,1699004615916,38
Channel,MessagePack-CSharp,0,64,1699004616900,41
Channel,MessagePack-CSharp,0,64,1699004617934,38
Channel,MessagePack-CSharp,0,64,1699004618896,45
Channel,MessagePack-CSharp,0,64,1699004619882,36
Channel,MessagePack-CSharp,0,64,1699004620883,36
Channel,MessagePack-CSharp,0,64,1699004621885,40
Channel,MessagePack-CSharp,0,64,1699004622908,38
Channel,MessagePack-CSharp,0,64,1699004623917,35
Channel,MessagePack-CSharp,0,64,1699004624887,34
Channel,MessagePack-CSharp,0,64,1699004625880,41
Channel,MessagePack-CSharp,0,64,1699004626886,42
Channel,MessagePack-CSharp,0,64,1699004627884,32
Channel,MessagePack-CSharp,0,64,1699004628880,32
Channel,MessagePack-CSharp,0,64,1699004629883,26
Channel,MessagePack-CSharp,0,64,1699004630886,31
Channel,MessagePack-CSharp,0,64,1699004631886,33
Channel,MessagePack-CSharp,0,64,1699004632883,34
Channel,MessagePack-CSharp,0,64,1699004633882,30
Channel,MessagePack-CSharp,0,64,1699004634884,32
Channel,MessagePack-CSharp,0,64,1699004635892,32
Channel,MessagePack-CSharp,0,64,1699004636893,34
Channel,MessagePack-CSharp,0,64,1699004637898,38
Channel,MessagePack-CSharp,0,64,1699004638891,35
Channel,Newtonsoft.Json,0,64,1699004639903,23
Channel,Newtonsoft.Json,0,64,1699004640888,0
Channel,Newtonsoft.Json,0,64,1699004641915,42
Channel,Newtonsoft.Json,0,64,1699004642890,35
Channel,Newtonsoft.Json,0,64,1699004643891,40
Channel,Newtonsoft.Json,0,64,1699004644905,45
Channel,Newtonsoft.Json,0,64,1699004645885,34
Channel,Newtonsoft.Json,0,64,1699004646898,40
Channel,Newtonsoft.Json,0,64,1699004647882,26
Channel,Newtonsoft.Json,0,64,1699004648891,30
Channel,Newtonsoft.Json,0,64,1699004649908,31
Channel,Newtonsoft.Json,0,64,1699004650907,34
Channel,Newtonsoft.Json,0,64,1699004651896,37
Channel,Newtonsoft.Json,0,64,1699004652883,33
Channel,Newtonsoft.Json,0,64,1699004653892,36
Channel,Newtonsoft.Json,0,64,1699004654896,36
Channel,Newtonsoft.Json,0,64,1699004655900,35
Channel,Newtonsoft.Json,0,64,1699004656903,34
Channel,Newtonsoft.Json,0,64,1699004657896,27
Channel,Newtonsoft.Json,0,64,1699004658882,37
Channel,Newtonsoft.Json,0,64,1699004659896,28
Channel,Newtonsoft.Json,0,64,1699004660890,30
Channel,Newtonsoft.Json,0,64,1699004661924,27
Channel,Newtonsoft.Json,0,64,1699004662911,33
Channel,Newtonsoft.Json,0,64,1699004663895,36
Channel,Newtonsoft.Json,0,64,1699004664886,36
Channel,Newtonsoft.Json,0,64,1699004665897,36
Channel,Newtonsoft.Json,0,64,1699004666899,36
Channel,Newtonsoft.Json,0,64,1699004667896,32
Channel,Newtonsoft.Json,0,64,1699004668885,41
Channel,Newtonsoft.Json,0,64,1699004669885,33
Channel,Newtonsoft.Json,0,64,1699004670882,33
Channel,Newtonsoft.Json,0,64,1699004671882,34
Channel,Newtonsoft.Json,0,64,1699004672927,47
Channel,Newtonsoft.Json,0,64,1699004673905,34
Channel,Newtonsoft.Json,0,64,1699004674888,42
Channel,Newtonsoft.Json,0,64,1699004675897,42
Channel,Newtonsoft.Json,0,64,1699004676906,37
Channel,Newtonsoft.Json,0,64,1699004677897,40
Channel,Newtonsoft.Json,0,64,1699004678887,40
Channel,Newtonsoft.Json,0,64,1699004679895,35
Channel,Newtonsoft.Json,0,64,1699004680893,40
Channel,Newtonsoft.Json,0,64,1699004681892,43
Channel,Newtonsoft.Json,0,64,1699004682909,44
Channel,Newtonsoft.Json,0,64,1699004683896,36
Channel,Newtonsoft.Json,0,64,1699004684887,35
Channel,Newtonsoft.Json,0,64,1699004685996,33
Channel,Newtonsoft.Json,0,64,1699004686885,41
Channel,Newtonsoft.Json,0,64,1699004687896,32
Channel,Newtonsoft.Json,0,64,1699004688881,33
Channel,Newtonsoft.Json,0,64,1699004689968,33
Channel,Protobuf,0,64,1699004691432,3
Channel,Protobuf,0,64,1699004691954,0
Channel,Protobuf,0,64,1699004692913,0
Channel,Protobuf,0,64,1699004693931,0
Channel,Protobuf,0,64,1699004694923,27
Channel,Protobuf,0,64,1699004695893,43
Channel,Protobuf,0,64,1699004696909,45
Channel,Protobuf,0,64,1699004697888,32
Channel,Protobuf,0,64,1699004698925,37
Channel,Protobuf,0,64,1699004700018,39
Channel,Protobuf,0,64,1699004700899,37
Channel,Protobuf,0,64,1699004701892,40
Channel,Protobuf,0,64,1699004702898,35
Channel,Protobuf,0,64,1699004703895,30
Channel,Protobuf,0,64,1699004704885,32
Channel,Protobuf,0,64,1699004705892,45
Channel,Protobuf,0,64,1699004706906,41
Channel,Protobuf,0,64,1699004707904,29
Channel,Protobuf,0,64,1699004708886,28
Channel,Protobuf,0,64,1699004709885,31
Channel,Protobuf,0,64,1699004710885,24
Channel,Protobuf,0,64,1699004711882,22
Channel,Protobuf,0,64,1699004712893,35
Channel,Protobuf,0,64,1699004713893,25
Channel,Protobuf,0,64,1699004714901,26
Channel,Protobuf,0,64,1699004715884,24
Channel,Protobuf,0,64,1699004716899,27
Channel,Protobuf,0,64,1699004717887,23
Channel,Protobuf,0,64,1699004718884,32
Channel,Thrift,0,64,1699004719889,22
Channel,Thrift,0,64,1699004720905,0
Channel,Thrift,0,64,1699004721892,0
Channel,Thrift,0,64,1699004722939,0
Channel,Thrift,0,64,1699004723934,17
Channel,Thrift,0,64,1699004724941,44
Channel,Thrift,0,64,1699004725908,46
Channel,Thrift,0,64,1699004726910,30
Channel,Thrift,0,64,1699004727884,35
Channel,Thrift,0,64,1699004728931,32
Channel,Thrift,0,64,1699004729896,51
Channel,Thrift,0,64,1699004730883,38
Channel,Thrift,0,64,1699004731891,37
Channel,Thrift,0,64,1699004732896,34
Channel,Thrift,0,64,1699004733909,38
Channel,Thrift,0,64,1699004734909,34
Channel,Thrift,0,64,1699004735901,37
Channel,Thrift,0,64,1699004736887,30
Channel,Thrift,0,64,1699004737885,27
Channel,Thrift,0,64,1699004738886,29
Channel,Thrift,0,64,1699004739885,30
Channel,Thrift,0,64,1699004740885,25
Channel,Thrift,0,64,1699004741897,46
Video,Avro,0,64,1699005743509,52
Video,Avro,0,64,1699005744496,37
Video,Avro,0,64,1699005745496,36
Video,Avro,0,64,1699005746508,31
Video,Avro,0,64,1699005747504,34
Video,Avro,0,64,1699005748506,34
Video,Avro,0,64,1699005749517,28
Video,Avro,0,64,1699005750527,38
Video,Avro,0,64,1699005751503,35
Video,Avro,0,64,1699005752547,21
Video,Avro,0,64,1699005753515,27
Video,Avro,0,64,1699005754514,22
Video,Avro,0,64,1699005755559,32
Video,Avro,0,64,1699005756500,40
Video,Avro,0,64,1699005757507,30
Video,Avro,0,64,1699005758518,29
Video,Avro,0,64,1699005759536,26
Video,Avro,0,64,1699005760510,25
Video,Avro,0,64,1699005761493,34
Video,Avro,0,64,1699005762523,27
Video,Avro,0,64,1699005763512,22
Video,Avro,0,64,1699005764508,0
Video,Avro,0,64,1699005765501,32
Video,Avro,0,64,1699005766519,26
Video,Avro,0,64,1699005767643,24
Video,Avro,0,64,1699005768518,35
Video,Avro,0,64,1699005769509,28
Video,Avro,0,64,1699005770506,24
Video,Avro,0,64,1699005771529,22
Video,Avro,0,64,1699005772505,28
Video,Avro,0,64,1699005773510,27
Video,Avro,0,64,1699005774514,22
Video,Avro,0,64,1699005775502,28
Video,Avro,0,64,1699005776512,24
Video,Avro,0,64,1699005777539,31
Video,Avro,0,64,1699005778525,33
Video,Avro,0,64,1699005779513,28
Video,Avro,0,64,1699005780507,28
Video,Avro,0,64,1699005781525,31
Video,Avro,0,64,1699005782524,23
Video,Avro,0,64,1699005783710,37
Video,Avro,0,64,1699005784503,31
Video,Avro,0,64,1699005785535,36
Video,Avro,0,64,1699005786537,31
Video,Avro,0,64,1699005787503,31
Video,Avro,0,64,1699005788531,32
Video,Avro,0,64,1699005789529,32
Video,Avro,0,64,1699005790524,37
Video,Avro,0,64,1699005791656,35
Video,Avro,0,64,1699005792514,38
Video,Avro,0,64,1699005793533,34
Video,Avro,0,64,1699005794519,34
Video,Avro,0,64,1699005795513,33
Video,Avro,0,64,1699005796509,30
Video,Avro,0,64,1699005797512,30
Video,Avro,0,64,1699005798510,21
Video,Avro,0,64,1699005799530,43
Video,Avro,0,64,1699005800502,37
Video,Avro,0,64,1699005801517,37
Video,Avro,0,64,1699005802540,39
Video,Avro,0,64,1699005803496,32
Video,Avro,0,64,1699005804501,36
Video,Avro,0,64,1699005805510,33
Video,Avro,0,64,1699005806502,35
Video,Avro,0,64,1699005807536,33
Video,Avro,0,64,1699005808505,32
Video,Avro,0,64,1699005809513,42
Video,Avro,0,64,1699005810498,31
Video,Avro,0,64,1699005811495,28
Video,Avro,0,64,1699005812522,33
Video,Avro,0,64,1699005813512,31
Video,Avro,0,64,1699005814548,28
Video,Avro,0,64,1699005815536,38
Video,Avro,0,64,1699005816519,33
Video,CapnProto,0,64,1699005817500,9
Video,CapnProto,0,64,1699005818521,19
Video,CapnProto,0,64,1699005819509,33
Video,CapnProto,0,64,1699005820547,34
Video,CapnProto,0,64,1699005821506,31
Video,CapnProto,0,64,1699005822518,30
Video,CapnProto,0,64,1699005823513,32
Video,CapnProto,0,64,1699005824498,31
Video,CapnProto,0,64,1699005825505,31
Video,CapnProto,0,64,1699005826502,51
Video,CapnProto,0,64,1699005827510,32
Video,CapnProto,0,64,1699005828508,36
Video,CapnProto,0,64,1699005829510,42
Video,CapnProto,0,64,1699005830515,30
Video,CapnProto,0,64,1699005831503,29
Video,CapnProto,0,64,1699005832507,32
Video,CapnProto,0,64,1699005833500,34
Video,CapnProto,0,64,1699005834519,36
Video,CapnProto,0,64,1699005835542,42
Video,CapnProto,0,64,1699005836509,34
Video,CapnProto,0,64,1699005837496,35
Video,CapnProto,0,64,1699005838496,25
Video,CapnProto,0,64,1699005839526,35
Video,CapnProto,0,64,1699005840507,34
Video,CapnProto,0,64,1699005841532,37
Video,CapnProto,0,64,1699005842507,33
Video,CapnProto,0,64,1699005843520,34
Video,CapnProto,0,64,1699005844516,31
Video,CapnProto,0,64,1699005845501,30
Video,CapnProto,0,64,1699005846507,28
Video,CapnProto,0,64,1699005847510,33
Video,CapnProto,0,64,1699005848495,33
Video,CapnProto,0,64,1699005849513,38
Video,CapnProto,0,64,1699005850515,37
Video,CapnProto,0,64,1699005851505,38
Video,CapnProto,0,64,1699005852514,32
Video,CapnProto,0,64,1699005853511,37
Video,CapnProto,0,64,1699005854512,31
Video,CapnProto,0,64,1699005855529,41
Video,CapnProto,0,64,1699005856532,39
Video,CapnProto,0,64,1699005857508,36
Video,CapnProto,0,64,1699005858514,39
Video,CapnProto,0,64,1699005859498,40
Video,CapnProto,0,64,1699005860497,38
Video,CapnProto,0,64,1699005861530,38
Video,CapnProto,0,64,1699005862505,35
Video,CapnProto,0,64,1699005863514,35
Video,CapnProto,0,64,1699005864498,38
Video,CapnProto,0,64,1699005865502,38
Video,CapnProto,0,64,1699005866517,39
Video,CapnProto,0,64,1699005867505,31
Video,CapnProto,0,64,1699005868565,40
Video,CapnProto,0,64,1699005869521,37
Video,CapnProto,0,64,1699005870544,26
Video,CapnProto,0,64,1699005871498,36
Video,CapnProto,0,64,1699005872506,36
Video,CapnProto,0,64,1699005873528,34
Video,CapnProto,0,64,1699005874502,38
Video,CapnProto,0,64,1699005875510,33
Video,CapnProto,0,64,1699005876502,29
Video,CapnProto,0,64,1699005877511,25
Video,CapnProto,0,64,1699005878532,27
Video,CapnProto,0,64,1699005879504,29
Channel,Avro,0,64,1699006667192,55
Channel,Avro,0,64,1699006668180,34
Channel,Avro,0,64,1699006669176,30
Channel,Avro,0,64,1699006670203,34
Channel,Avro,0,64,1699006671214,35
Channel,Avro,0,64,1699006672176,32
Channel,Avro,0,64,1699006673184,33
Channel,Avro,0,64,1699006674175,33
Channel,Avro,0,64,1699006675235,34
Channel,Avro,0,64,1699006676185,35
Channel,Avro,0,64,1699006677180,40
Channel,Avro,0,64,1699006678230,34
Channel,Avro,0,64,1699006679235,38
Channel,Avro,0,64,1699006680185,27
Channel,Avro,0,64,1699006681214,28
Channel,Avro,0,64,1699006682189,32
Channel,Avro,0,64,1699006683208,31
Channel,Avro,0,64,1699006684181,28
Channel,Avro,0,64,1699006685179,30
Channel,Avro,0,64,1699006686174,31
Channel,Avro,0,64,1699006687174,30
Channel,Avro,0,64,1699006688188,33
Channel,Avro,0,64,1699006689192,31
Channel,Avro,0,64,1699006690177,30
Channel,Avro,0,64,1699006691177,30
Channel,Avro,0,64,1699006692185,29
Channel,Avro,0,64,1699006693180,28
Channel,Avro,0,64,1699006694180,26
Channel,Avro,0,64,1699006695187,33
Channel,Avro,0,64,1699006696226,33
Channel,Avro,0,64,1699006697176,32
Channel,Avro,0,64,1699006698199,36
Channel,Avro,0,64,1699006699182,35
Channel,Avro,0,64,1699006700210,42
Channel,Avro,0,64,1699006701242,29
Channel,Avro,0,64,1699006702175,36
Channel,Avro,0,64,1699006703184,33
Channel,Avro,0,64,1699006704183,33
Channel,Avro,0,64,1699006705175,32
Channel,Avro,0,64,1699006706174,33
Channel,Avro,0,64,1699006707175,30
Channel,Avro,0,64,1699006708183,31
Channel,Avro,0,64,1699006709184,30
Channel,Avro,0,64,1699006710176,35
Channel,Avro,0,64,1699006711216,32
Channel,Avro,0,64,1699006712207,44
Channel,Avro,0,64,1699006713200,38
Channel,Avro,0,64,1699006714192,33
Channel,Avro,0,64,1699006715183,40
Channel,Avro,0,64,1699006716215,40
Channel,Avro,0,64,1699006717203,41
Channel,Avro,0,64,1699006718200,36
Channel,Avro,0,64,1699006719186,36
Channel,Avro,0,64,1699006720191,36
Channel,Avro,0,64,1699006721196,38
Channel,Avro,0,64,1699006722190,35
Channel,Avro,0,64,1699006723185,29
Channel,Avro,0,64,1699006724176,30
Channel,Avro,0,64,1699006725186,29
Channel,Avro,0,64,1699006726185,36
Channel,Avro,0,64,1699006727181,34
Channel,Avro,0,64,1699006728185,37
Channel,Avro,0,64,1699006729176,31
Channel,Avro,0,64,1699006730180,39
Channel,Avro,0,64,1699006731190,35
Channel,Avro,0,64,1699006732183,37
Channel,Avro,0,64,1699006733176,34
Channel,Avro,0,64,1699006734184,32
Channel,Avro,0,64,1699006735211,36
Channel,CapnProto,0,64,1699006736178,10
Channel,CapnProto,0,64,1699006737178,18
Channel,CapnProto,0,64,1699006738175,35
Channel,CapnProto,0,64,1699006739183,37
Channel,CapnProto,0,64,1699006740176,37
Channel,CapnProto,0,64,1699006741179,32
Channel,CapnProto,0,64,1699006742182,31
Channel,CapnProto,0,64,1699006743175,30
Channel,CapnProto,0,64,1699006744183,29
Channel,CapnProto,0,64,1699006745202,29
Channel,CapnProto,0,64,1699006746192,45
Channel,CapnProto,0,64,1699006747205,47
Channel,CapnProto,0,64,1699006748186,38
Channel,CapnProto,0,64,1699006749175,38
Channel,CapnProto,0,64,1699006750173,35
Channel,CapnProto,0,64,1699006751191,31
Channel,CapnProto,0,64,1699006752196,30
Channel,CapnProto,0,64,1699006753183,32
Channel,CapnProto,0,64,1699006754185,33
Channel,CapnProto,0,64,1699006755177,31
Channel,CapnProto,0,64,1699006756191,36
Channel,CapnProto,0,64,1699006757196,38
Channel,CapnProto,0,64,1699006758197,36
Channel,CapnProto,0,64,1699006759176,34
Channel,CapnProto,0,64,1699006760175,34
Channel,CapnProto,0,64,1699006761188,38
Channel,CapnProto,0,64,1699006762181,41
Channel,CapnProto,0,64,1699006763178,32
Channel,CapnProto,0,64,1699006764176,31
Channel,CapnProto,0,64,1699006765179,31
Channel,CapnProto,0,64,1699006766176,25
Channel,CapnProto,0,64,1699006767208,37
Channel,CapnProto,0,64,1699006768183,28
Channel,CapnProto,0,64,1699006769183,44
Channel,CapnProto,0,64,1699006770191,44
Channel,CapnProto,0,64,1699006771180,38
Channel,CapnProto,0,64,1699006772178,39
Channel,CapnProto,0,64,1699006773190,38
Channel,CapnProto,0,64,1699006774180,35
Channel,CapnProto,0,64,1699006775182,34
Channel,CapnProto,0,64,1699006776177,38
Channel,CapnProto,0,64,1699006777176,32
Channel,CapnProto,0,64,1699006778175,31
Channel,CapnProto,0,64,1699006779186,36
Channel,CapnProto,0,64,1699006780202,40
Channel,CapnProto,0,64,1699006781188,46
Channel,CapnProto,0,64,1699006782203,38
Channel,CapnProto,0,64,1699006783228,39
Channel,CapnProto,0,64,1699006784205,34
Channel,CapnProto,0,64,1699006785181,38
Channel,CapnProto,0,64,1699006786180,43
Channel,CapnProto,0,64,1699006787173,35
Channel,CapnProto,0,64,1699006788177,40
Channel,CapnProto,0,64,1699006789207,39
Channel,CapnProto,0,64,1699006790182,33
Channel,CapnProto,0,64,1699006791184,34
Channel,CapnProto,0,64,1699006792187,29
Channel,CapnProto,0,64,1699006793198,35
Channel,CapnProto,0,64,1699006794194,35
Channel,CapnProto,0,64,1699006795189,42
Channel,CapnProto,0,64,1699006796180,33
Channel,CapnProto,0,64,1699006797177,31
Channel,CapnProto,0,64,1699006798172,27
Channel,CapnProto,0,64,1699006799174,35
Channel,CapnProto,0,64,1699006800187,33
Channel,CapnProto,0,64,1699006801199,37
Channel,CapnProto,0,64,1699006802188,40
Channel,FlatBuffers,0,64,1699006803200,5
Channel,FlatBuffers,0,64,1699006804178,22
Channel,FlatBuffers,0,64,1699006805174,35
Channel,FlatBuffers,0,64,1699006806186,37
Channel,FlatBuffers,0,64,1699006807188,39
Channel,FlatBuffers,0,64,1699006808182,28
Channel,FlatBuffers,0,64,1699006809175,28
Channel,FlatBuffers,0,64,1699006810183,33
Channel,FlatBuffers,0,64,1699006811182,38
Channel,FlatBuffers,0,64,1699006812188,42
Channel,FlatBuffers,0,64,1699006813214,42
Channel,FlatBuffers,0,64,1699006814178,37
Channel,FlatBuffers,0,64,1699006815176,31
Channel,FlatBuffers,0,64,1699006816180,31
Channel,FlatBuffers,0,64,1699006817205,36
Channel,FlatBuffers,0,64,1699006818201,38
Channel,FlatBuffers,0,64,1699006819176,40
Channel,FlatBuffers,0,64,1699006820181,40
Channel,FlatBuffers,0,64,1699006821180,33
Channel,FlatBuffers,0,64,1699006822186,33
Channel,FlatBuffers,0,64,1699006823186,37
Channel,FlatBuffers,0,64,1699006824178,40
Channel,FlatBuffers,0,64,1699006825183,38
Channel,FlatBuffers,0,64,1699006826176,34
Channel,FlatBuffers,0,64,1699006827184,31
Channel,FlatBuffers,0,64,1699006828174,30
Channel,FlatBuffers,0,64,1699006829180,31
Channel,FlatBuffers,0,64,1699006830175,34
Channel,FlatBuffers,0,64,1699006831186,35
Channel,FlatBuffers,0,64,1699006832191,33
Channel,FlatBuffers,0,64,1699006833177,36
Channel,FlatBuffers,0,64,1699006834181,33
Channel,FlatBuffers,0,64,1699006835183,35
Channel,FlatBuffers,0,64,1699006836194,44
Channel,FlatBuffers,0,64,1699006837176,36
Channel,FlatBuffers,0,64,1699006838187,32
Channel,FlatBuffers,0,64,1699006839184,40
Channel,FlatBuffers,0,64,1699006840256,40
Channel,FlatBuffers,0,64,1699006841200,31
Channel,FlatBuffers,0,64,1699006842176,35
Channel,FlatBuffers,0,64,1699006843183,35
Channel,FlatBuffers,0,64,1699006844192,39
Channel,FlatBuffers,0,64,1699006845177,45
Channel,FlatBuffers,0,64,1699006846181,41
Channel,FlatBuffers,0,64,1699006847176,42
Channel,FlatBuffers,0,64,1699006848192,35
Channel,FlatBuffers,0,64,1699006849188,36
Channel,FlatBuffers,0,64,1699006850176,31
Channel,FlatBuffers,0,64,1699006851178,31
Channel,FlatBuffers,0,64,1699006852179,35
Channel,FlatBuffers,0,64,1699006853180,39
Channel,FlatBuffers,0,64,1699006854178,34
Channel,FlatBuffers,0,64,1699006855176,28
Channel,FlatBuffers,0,64,1699006856176,34
Channel,FlatBuffers,0,64,1699006857174,29
Channel,MessagePack-CSharp,0,64,1699006858189,22
Channel,MessagePack-CSharp,0,64,1699006859177,7
Channel,MessagePack-CSharp,0,64,1699006860185,36
Channel,MessagePack-CSharp,0,64,1699006861183,37
Channel,MessagePack-CSharp,0,64,1699006862186,34
Channel,MessagePack-CSharp,0,64,1699006863191,31
Channel,MessagePack-CSharp,0,64,1699006864181,30
Channel,MessagePack-CSharp,0,64,1699006865177,38
Channel,MessagePack-CSharp,0,64,1699006866190,42
Channel,MessagePack-CSharp,0,64,1699006867193,38
Channel,MessagePack-CSharp,0,64,1699006868178,36
Channel,MessagePack-CSharp,0,64,1699006869184,30
Channel,MessagePack-CSharp,0,64,1699006870175,29
Channel,MessagePack-CSharp,0,64,1699006871213,28
Channel,MessagePack-CSharp,0,64,1699006872191,39
Channel,MessagePack-CSharp,0,64,1699006873185,29
Channel,MessagePack-CSharp,0,64,1699006874204,37
Channel,MessagePack-CSharp,0,64,1699006875271,35
Channel,MessagePack-CSharp,0,64,1699006876192,32
Channel,MessagePack-CSharp,0,64,1699006877249,36
Channel,MessagePack-CSharp,0,64,1699006878199,35
Channel,MessagePack-CSharp,0,64,1699006879187,33
Channel,MessagePack-CSharp,0,64,1699006880215,33
Channel,MessagePack-CSharp,0,64,1699006881181,30
Channel,MessagePack-CSharp,0,64,1699006882178,35
Channel,MessagePack-CSharp,0,64,1699006883183,29
Channel,MessagePack-CSharp,0,64,1699006884177,31
Channel,MessagePack-CSharp,0,64,1699006885181,36
Channel,MessagePack-CSharp,0,64,1699006886239,38
Channel,MessagePack-CSharp,0,64,1699006887291,47
Channel,MessagePack-CSharp,0,64,1699006888219,44
Channel,MessagePack-CSharp,0,64,1699006889203,38
Channel,MessagePack-CSharp,0,64,1699006890180,35
Channel,MessagePack-CSharp,0,64,1699006891180,37
Channel,MessagePack-CSharp,0,64,1699006892184,32
Channel,MessagePack-CSharp,0,64,1699006893184,40
Channel,MessagePack-CSharp,0,64,1699006894194,33
Channel,MessagePack-CSharp,0,64,1699006895176,33
Channel,MessagePack-CSharp,0,64,1699006896176,30
Channel,MessagePack-CSharp,0,64,1699006897252,25
Channel,MessagePack-CSharp,0,64,1699006898198,42
Channel,MessagePack-CSharp,0,64,1699006899179,36
Channel,MessagePack-CSharp,0,64,1699006900177,37
Channel,MessagePack-CSharp,0,64,1699006901207,36
Channel,MessagePack-CSharp,0,64,1699006902216,39
Channel,MessagePack-CSharp,0,64,1699006903182,37
Channel,MessagePack-CSharp,0,64,1699006904194,34
Channel,MessagePack-CSharp,0,64,1699006905187,44
Channel,MessagePack-CSharp,0,64,1699006906201,37
Channel,MessagePack-CSharp,0,64,1699006907199,36
Channel,MessagePack-CSharp,0,64,1699006908182,41
Channel,MessagePack-CSharp,0,64,1699006909234,43
Channel,MessagePack-CSharp,0,64,1699006910176,37
Channel,MessagePack-CSharp,0,64,1699006911190,41
Channel,MessagePack-CSharp,0,64,1699006912178,34
Channel,MessagePack-CSharp,0,64,1699006913200,37
Channel,MessagePack-CSharp,0,64,1699006914203,28
Channel,MessagePack-CSharp,0,64,1699006915194,47
Channel,MessagePack-CSharp,0,64,1699006916188,34
Channel,MessagePack-CSharp,0,64,1699006917246,32
Channel,MessagePack-CSharp,0,64,1699006918197,31
Channel,MessagePack-CSharp,0,64,1699006919265,39
Channel,MessagePack-CSharp,0,64,1699006920193,29
Channel,MessagePack-CSharp,0,64,1699006921186,34
Channel,MessagePack-CSharp,0,64,1699006922220,32
Channel,MessagePack-CSharp,0,64,1699006923190,41
Channel,MessagePack-CSharp,0,64,1699006924190,40
Channel,MessagePack-CSharp,0,64,1699006925223,32
Channel,MessagePack-CSharp,0,64,1699006926178,29
Channel,MessagePack-CSharp,0,64,1699006927187,36
Channel,MessagePack-CSharp,0,64,1699006928239,29
Channel,MessagePack-CSharp,0,64,1699006929201,28
VideoInfo,Avro,0,64,1699007123404,49
VideoInfo,Avro,0,64,1699007124401,31
VideoInfo,Avro,0,64,1699007125404,31
VideoInfo,Avro,0,64,1699007126406,31
VideoInfo,Avro,0,64,1699007127426,32
VideoInfo,Avro,0,64,1699007128408,32
VideoInfo,Avro,0,64,1699007129425,33
VideoInfo,Avro,0,64,1699007130407,32
VideoInfo,Avro,0,64,1699007131419,33
VideoInfo,Avro,0,64,1699007132410,30
VideoInfo,Avro,0,64,1699007133404,32
VideoInfo,Avro,0,64,1699007134409,32
VideoInfo,Avro,0,64,1699007135406,30
VideoInfo,Avro,0,64,1699007136407,31
VideoInfo,Avro,0,64,1699007137409,30
VideoInfo,Avro,0,64,1699007138400,30
VideoInfo,Avro,0,64,1699007139394,30
VideoInfo,Avro,0,64,1699007140405,32
VideoInfo,Avro,0,64,1699007141402,30
VideoInfo,Avro,0,64,1699007142398,32
VideoInfo,Avro,0,64,1699007143415,31
VideoInfo,Avro,0,64,1699007144405,31
VideoInfo,Avro,0,64,1699007145397,29
VideoInfo,Avro,0,64,1699007146394,31
VideoInfo,Avro,0,64,1699007147412,32
VideoInfo,Avro,0,64,1699007148400,30
VideoInfo,Avro,0,64,1699007149397,30
VideoInfo,Avro,0,64,1699007150412,32
VideoInfo,Avro,0,64,1699007151394,29
VideoInfo,Avro,0,64,1699007152397,31
VideoInfo,Avro,0,64,1699007153414,31
VideoInfo,Avro,0,64,1699007154413,29
VideoInfo,Avro,0,64,1699007155408,30
VideoInfo,Avro,0,64,1699007156402,32
VideoInfo,Avro,0,64,1699007157400,31
VideoInfo,Avro,0,64,1699007158398,31
VideoInfo,Avro,0,64,1699007159399,31
VideoInfo,Avro,0,64,1699007160411,32
VideoInfo,Avro,0,64,1699007161404,32
VideoInfo,Avro,0,64,1699007162396,31
VideoInfo,Avro,0,64,1699007163394,31
VideoInfo,Avro,0,64,1699007164396,32
VideoInfo,Avro,0,64,1699007165396,31
VideoInfo,Avro,0,64,1699007166403,32
VideoInfo,Avro,0,64,1699007167403,31
VideoInfo,Avro,0,64,1699007168408,32
VideoInfo,Avro,0,64,1699007169400,30
VideoInfo,Avro,0,64,1699007170400,31
VideoInfo,Avro,0,64,1699007171397,33
VideoInfo,Avro,0,64,1699007172409,31
VideoInfo,Avro,0,64,1699007173393,31
VideoInfo,Avro,0,64,1699007174401,32
VideoInfo,Avro,0,64,1699007175398,32
VideoInfo,Avro,0,64,1699007176392,31
VideoInfo,Avro,0,64,1699007177393,32
VideoInfo,Avro,0,64,1699007178400,32
VideoInfo,Avro,0,64,1699007179398,31
VideoInfo,Avro,0,64,1699007180415,30
VideoInfo,Avro,0,64,1699007181396,26
VideoInfo,Avro,0,64,1699007182406,31
VideoInfo,Avro,0,64,1699007183413,28
VideoInfo,Avro,0,64,1699007184399,30
VideoInfo,Avro,0,64,1699007185396,25
VideoInfo,Avro,0,64,1699007186395,28
VideoInfo,Avro,0,64,1699007187406,29
VideoInfo,Avro,0,64,1699007188408,28
VideoInfo,Avro,0,64,1699007189422,27
VideoInfo,Avro,0,64,1699007190423,29
VideoInfo,Avro,0,64,1699007191411,29
VideoInfo,Avro,0,64,1699007192398,23
VideoInfo,Avro,0,64,1699007193406,30
VideoInfo,Avro,0,64,1699007194409,29
VideoInfo,Avro,0,64,1699007195403,30
VideoInfo,Avro,0,64,1699007196393,29
VideoInfo,Avro,0,64,1699007197399,21
VideoInfo,Avro,0,64,1699007198409,27
VideoInfo,Avro,0,64,1699007199394,30
VideoInfo,Avro,0,64,1699007200416,31
VideoInfo,Avro,0,64,1699007201399,31
VideoInfo,Avro,0,64,1699007202413,32
VideoInfo,Avro,0,64,1699007203415,30
VideoInfo,Avro,0,64,1699007204400,31
VideoInfo,Avro,0,64,1699007205395,31
VideoInfo,Avro,0,64,1699007206396,30
VideoInfo,Avro,0,64,1699007207398,30
VideoInfo,Avro,0,64,1699007208393,31
VideoInfo,Avro,0,64,1699007209393,31
VideoInfo,Avro,0,64,1699007210395,31
VideoInfo,Avro,0,64,1699007211409,32
VideoInfo,Avro,0,64,1699007212403,29
VideoInfo,Avro,0,64,1699007213398,32
VideoInfo,Avro,0,64,1699007214411,29
VideoInfo,Avro,0,64,1699007215411,30
VideoInfo,Avro,0,64,1699007216408,31
VideoInfo,Avro,0,64,1699007217395,31
VideoInfo,Avro,0,64,1699007218393,31
VideoInfo,Avro,0,64,1699007219397,32
VideoInfo,Avro,0,64,1699007220418,31
VideoInfo,Avro,0,64,1699007221398,23
VideoInfo,Avro,0,64,1699007222401,27
VideoInfo,Avro,0,64,1699007223424,29
VideoInfo,Avro,0,64,1699007224407,29
VideoInfo,Avro,0,64,1699007225413,33
VideoInfo,Avro,0,64,1699007226403,34
VideoInfo,Avro,0,64,1699007227410,35
VideoInfo,Avro,0,64,1699007228399,33
VideoInfo,Avro,0,64,1699007229396,35
VideoInfo,Avro,0,64,1699007230414,36
VideoInfo,Avro,0,64,1699007231412,34
VideoInfo,Avro,0,64,1699007232429,33
SocialInfo,Avro,0,64,1699007332490,23
SocialInfo,Avro,0,64,1699007333488,20
SocialInfo,Avro,0,64,1699007334474,21
SocialInfo,Avro,0,64,1699007335484,23
SocialInfo,Avro,0,64,1699007336486,18
SocialInfo,Avro,0,64,1699007337473,17
SocialInfo,Avro,0,64,1699007338478,19
SocialInfo,Avro,0,64,1699007339475,21
SocialInfo,Avro,0,64,1699007340479,19
SocialInfo,Avro,0,64,1699007341492,19
SocialInfo,Avro,0,64,1699007342485,16
SocialInfo,Avro,0,64,1699007343498,17
SocialInfo,Avro,0,64,1699007344479,19
SocialInfo,Avro,0,64,1699007345682,13
SocialInfo,Avro,0,64,1699007346473,15
SocialInfo,Avro,0,64,1699007347475,16
SocialInfo,Avro,0,64,1699007348487,19
SocialInfo,Avro,0,64,1699007349484,20
SocialInfo,Avro,0,64,1699007350491,18
SocialInfo,Avro,0,64,1699007351484,19
SocialInfo,Avro,0,64,1699007352498,20
SocialInfo,Avro,0,64,1699007353487,19
SocialInfo,Avro,0,64,1699007354482,20
SocialInfo,Avro,0,64,1699007355490,18
SocialInfo,Avro,0,64,1699007356482,20
SocialInfo,Avro,0,64,1699007357485,20
SocialInfo,Avro,0,64,1699007358485,21
SocialInfo,Avro,0,64,1699007359489,21
SocialInfo,Avro,0,64,1699007360474,21
SocialInfo,Avro,0,64,1699007361485,20
SocialInfo,Avro,0,64,1699007362494,21
SocialInfo,Avro,0,64,1699007363476,20
SocialInfo,Avro,0,64,1699007364474,21
SocialInfo,Avro,0,64,1699007365480,21
SocialInfo,Avro,0,64,1699007366476,25
SocialInfo,Avro,0,64,1699007367474,23
SocialInfo,Avro,0,64,1699007368472,23
SocialInfo,Avro,0,64,1699007369487,25
SocialInfo,Avro,0,64,1699007370485,24
SocialInfo,Avro,0,64,1699007371486,24
SocialInfo,Avro,0,64,1699007372488,24
SocialInfo,Avro,0,64,1699007373479,24
SocialInfo,Avro,0,64,1699007374479,23
SocialInfo,Avro,0,64,1699007375478,25
SocialInfo,Avro,0,64,1699007376477,24
SocialInfo,Avro,0,64,1699007377485,25
SocialInfo,Avro,0,64,1699007378496,25
SocialInfo,Avro,0,64,1699007379481,25
SocialInfo,Avro,0,64,1699007380482,25
SocialInfo,Avro,0,64,1699007381475,24
SocialInfo,Avro,0,64,1699007382474,23
SocialInfo,Avro,0,64,1699007383477,24
SocialInfo,Avro,0,64,1699007384475,25
SocialInfo,Avro,0,64,1699007385483,24
SocialInfo,Avro,0,64,1699007386481,24
SocialInfo,Avro,0,64,1699007387484,24
SocialInfo,Avro,0,64,1699007388498,22
SocialInfo,Avro,0,64,1699007389474,22
SocialInfo,Avro,0,64,1699007390480,23
SocialInfo,Avro,0,64,1699007391478,24
SocialInfo,Avro,0,64,1699007392478,23
SocialInfo,Avro,0,64,1699007393475,22
SocialInfo,Avro,0,64,1699007394481,23
SocialInfo,Avro,0,64,1699007395481,23
SocialInfo,Avro,0,64,1699007396480,23
SocialInfo,Avro,0,64,1699007397484,25
SocialInfo,Avro,0,64,1699007398481,23
SocialInfo,Avro,0,64,1699007399476,21
SocialInfo,Avro,0,64,1699007400478,21
SocialInfo,Avro,0,64,1699007401476,19
SocialInfo,Avro,0,64,1699007402477,23
SocialInfo,Avro,0,64,1699007403480,23
SocialInfo,Avro,0,64,1699007404477,22
SocialInfo,Avro,0,64,1699007405488,20
SocialInfo,Avro,0,64,1699007406480,22
SocialInfo,Avro,0,64,1699007407482,20
SocialInfo,Avro,0,64,1699007408472,22
SocialInfo,Avro,0,64,1699007409482,23
SocialInfo,Avro,0,64,1699007410473,23
SocialInfo,Avro,0,64,1699007411476,24
SocialInfo,Avro,0,64,1699007412477,23
SocialInfo,Avro,0,64,1699007413481,24
SocialInfo,Avro,0,64,1699007414480,24
SocialInfo,Avro,0,64,1699007415478,23
SocialInfo,Avro,0,64,1699007416480,24
SocialInfo,Avro,0,64,1699007417479,24
SocialInfo,Avro,0,64,1699007418477,23
SocialInfo,Avro,0,64,1699007419473,25
SocialInfo,Avro,0,64,1699007420484,25
SocialInfo,Avro,0,64,1699007421475,25
SocialInfo,Avro,0,64,1699007422478,25
SocialInfo,Avro,0,64,1699007423495,24
SocialInfo,Avro,0,64,1699007424491,26
SocialInfo,Avro,0,64,1699007425481,24
SocialInfo,Avro,0,64,1699007426474,24
SocialInfo,Avro,0,64,1699007427471,24
SocialInfo,Avro,0,64,1699007428473,25
SocialInfo,Avro,0,64,1699007429474,20
SocialInfo,Avro,0,64,1699007430481,19
SocialInfo,Avro,0,64,1699007431476,23
SocialInfo,Avro,0,64,1699007432480,30
SocialInfo,Avro,0,64,1699007433492,29
SocialInfo,Avro,0,64,1699007434491,30
SocialInfo,Avro,0,64,1699007435472,31
SocialInfo,Avro,0,64,1699007436485,33
SocialInfo,Avro,0,64,1699007437483,31
SocialInfo,CapnProto,0,64,1699007438496,17
SocialInfo,CapnProto,0,64,1699007439472,15
SocialInfo,CapnProto,0,64,1699007440487,22
SocialInfo,CapnProto,0,64,1699007441475,24
SocialInfo,CapnProto,0,64,1699007442471,25
SocialInfo,CapnProto,0,64,1699007443482,24
SocialInfo,CapnProto,0,64,1699007444761,20
SocialInfo,CapnProto,0,64,1699007445487,14
SocialInfo,CapnProto,0,64,1699007446473,23
SocialInfo,CapnProto,0,64,1699007447487,22
SocialInfo,CapnProto,0,64,1699007448481,23
SocialInfo,CapnProto,0,64,1699007449485,22
SocialInfo,CapnProto,0,64,1699007450489,23
SocialInfo,CapnProto,0,64,1699007451481,23
SocialInfo,CapnProto,0,64,1699007452475,24
SocialInfo,CapnProto,0,64,1699007453472,25
SocialInfo,CapnProto,0,64,1699007454478,23
SocialInfo,CapnProto,0,64,1699007455473,22
SocialInfo,CapnProto,0,64,1699007456482,23
SocialInfo,CapnProto,0,64,1699007457473,24
SocialInfo,CapnProto,0,64,1699007458478,24
SocialInfo,CapnProto,0,64,1699007459485,23
SocialInfo,CapnProto,0,64,1699007460488,22
SocialInfo,CapnProto,0,64,1699007461480,22
SocialInfo,CapnProto,0,64,1699007462476,22
SocialInfo,CapnProto,0,64,1699007463472,23
SocialInfo,CapnProto,0,64,1699007464475,24
SocialInfo,CapnProto,0,64,1699007465483,24
SocialInfo,CapnProto,0,64,1699007466473,25
SocialInfo,CapnProto,0,64,1699007467478,24
SocialInfo,CapnProto,0,64,1699007468481,25
SocialInfo,CapnProto,0,64,1699007469487,24
SocialInfo,CapnProto,0,64,1699007470481,24
SocialInfo,CapnProto,0,64,1699007471474,23
SocialInfo,CapnProto,0,64,1699007472480,24
SocialInfo,CapnProto,0,64,1699007473477,22
SocialInfo,CapnProto,0,64,1699007474484,23
SocialInfo,CapnProto,0,64,1699007475472,24
SocialInfo,CapnProto,0,64,1699007476479,25
SocialInfo,CapnProto,0,64,1699007477474,24
SocialInfo,CapnProto,0,64,1699007478490,24
SocialInfo,CapnProto,0,64,1699007479479,24
SocialInfo,CapnProto,0,64,1699007480478,21
SocialInfo,CapnProto,0,64,1699007481482,20
SocialInfo,CapnProto,0,64,1699007482472,21
SocialInfo,CapnProto,0,64,1699007483481,23
SocialInfo,CapnProto,0,64,1699007484476,23
SocialInfo,CapnProto,0,64,1699007485481,24
SocialInfo,CapnProto,0,64,1699007486472,22
SocialInfo,CapnProto,0,64,1699007487471,22
SocialInfo,CapnProto,0,64,1699007488473,20
SocialInfo,CapnProto,0,64,1699007489478,24
SocialInfo,CapnProto,0,64,1699007490476,23
SocialInfo,CapnProto,0,64,1699007491476,22
SocialInfo,CapnProto,0,64,1699007492471,23
SocialInfo,CapnProto,0,64,1699007493476,24
SocialInfo,CapnProto,0,64,1699007494479,23
SocialInfo,CapnProto,0,64,1699007495471,23
SocialInfo,CapnProto,0,64,1699007496481,25
SocialInfo,CapnProto,0,64,1699007497478,22
SocialInfo,CapnProto,0,64,1699007498484,25
SocialInfo,CapnProto,0,64,1699007499492,24
SocialInfo,CapnProto,0,64,1699007500486,23
SocialInfo,CapnProto,0,64,1699007501480,23
SocialInfo,CapnProto,0,64,1699007502477,25
SocialInfo,CapnProto,0,64,1699007503481,24
SocialInfo,CapnProto,0,64,1699007504484,23
SocialInfo,CapnProto,0,64,1699007505475,25
SocialInfo,CapnProto,0,64,1699007506477,23
SocialInfo,CapnProto,0,64,1699007507473,25
SocialInfo,CapnProto,0,64,1699007508489,23
SocialInfo,CapnProto,0,64,1699007509473,25
SocialInfo,CapnProto,0,64,1699007510472,23
SocialInfo,CapnProto,0,64,1699007511477,24
SocialInfo,CapnProto,0,64,1699007512480,25
SocialInfo,CapnProto,0,64,1699007513473,25
SocialInfo,CapnProto,0,64,1699007514486,25
SocialInfo,CapnProto,0,64,1699007515480,23
SocialInfo,CapnProto,0,64,1699007516476,23
SocialInfo,CapnProto,0,64,1699007517483,22
SocialInfo,CapnProto,0,64,1699007518478,23
SocialInfo,CapnProto,0,64,1699007519481,25
SocialInfo,CapnProto,0,64,1699007520474,22
SocialInfo,CapnProto,0,64,1699007521474,23
SocialInfo,CapnProto,0,64,1699007522485,23
SocialInfo,CapnProto,0,64,1699007523482,23
SocialInfo,CapnProto,0,64,1699007524473,24
SocialInfo,CapnProto,0,64,1699007525478,24
SocialInfo,CapnProto,0,64,1699007526483,24
SocialInfo,CapnProto,0,64,1699007527472,24
SocialInfo,CapnProto,0,64,1699007528482,25
SocialInfo,CapnProto,0,64,1699007529483,23
SocialInfo,CapnProto,0,64,1699007530477,23
SocialInfo,CapnProto,0,64,1699007531472,23
SocialInfo,CapnProto,0,64,1699007532475,25
SocialInfo,CapnProto,0,64,1699007533481,24
SocialInfo,CapnProto,0,64,1699007534481,24
SocialInfo,CapnProto,0,64,1699007535471,24
SocialInfo,CapnProto,0,64,1699007536492,25
SocialInfo,CapnProto,0,64,1699007537474,24
SocialInfo,CapnProto,0,64,1699007538479,24
SocialInfo,CapnProto,0,64,1699007539477,19
SocialInfo,CapnProto,0,64,1699007540472,30
SocialInfo,CapnProto,0,64,1699007541489,31
SocialInfo,CapnProto,0,64,1699007542475,24
SocialInfo,CapnProto,0,64,1699007543488,32
SocialInfo,CapnProto,0,64,1699007544481,32
SocialInfo,CapnProto,0,64,1699007545474,32
SocialInfo,CapnProto,0,64,1699007546491,31
SocialInfo,FlatBuffers,0,64,1699007547481,7
SocialInfo,FlatBuffers,0,64,1699007548475,24
SocialInfo,FlatBuffers,0,64,1699007549472,25
SocialInfo,FlatBuffers,0,64,1699007550477,25
SocialInfo,FlatBuffers,0,64,1699007551486,25
SocialInfo,FlatBuffers,0,64,1699007552479,25
SocialInfo,FlatBuffers,0,64,1699007553490,24
SocialInfo,FlatBuffers,0,64,1699007554478,26
SocialInfo,FlatBuffers,0,64,1699007555474,25
SocialInfo,FlatBuffers,0,64,1699007556475,25
SocialInfo,FlatBuffers,0,64,1699007557475,25
SocialInfo,FlatBuffers,0,64,1699007558483,25
SocialInfo,FlatBuffers,0,64,1699007559478,25
SocialInfo,FlatBuffers,0,64,1699007560472,24
SocialInfo,FlatBuffers,0,64,1699007561474,25
SocialInfo,FlatBuffers,0,64,1699007562475,20
SocialInfo,FlatBuffers,0,64,1699007563491,24
SocialInfo,FlatBuffers,0,64,1699007564477,25
SocialInfo,FlatBuffers,0,64,1699007565480,25
SocialInfo,FlatBuffers,0,64,1699007566481,21
SocialInfo,FlatBuffers,0,64,1699007567477,16
SocialInfo,FlatBuffers,0,64,1699007568472,21
SocialInfo,FlatBuffers,0,64,1699007569474,21
SocialInfo,FlatBuffers,0,64,1699007570487,20
SocialInfo,FlatBuffers,0,64,1699007571479,24
SocialInfo,FlatBuffers,0,64,1699007572481,25
SocialInfo,FlatBuffers,0,64,1699007573479,24
SocialInfo,FlatBuffers,0,64,1699007574476,24
SocialInfo,FlatBuffers,0,64,1699007575483,24
SocialInfo,FlatBuffers,0,64,1699007576475,25
SocialInfo,FlatBuffers,0,64,1699007577483,24
SocialInfo,FlatBuffers,0,64,1699007578480,25
SocialInfo,FlatBuffers,0,64,1699007579472,24
SocialInfo,FlatBuffers,0,64,1699007580478,25
SocialInfo,FlatBuffers,0,64,1699007581475,22
SocialInfo,FlatBuffers,0,64,1699007582473,25
SocialInfo,FlatBuffers,0,64,1699007583479,24
SocialInfo,FlatBuffers,0,64,1699007584481,24
SocialInfo,FlatBuffers,0,64,1699007585482,24
SocialInfo,FlatBuffers,0,64,1699007586472,24
SocialInfo,FlatBuffers,0,64,1699007587473,24
SocialInfo,FlatBuffers,0,64,1699007588473,24
SocialInfo,FlatBuffers,0,64,1699007589478,24
SocialInfo,FlatBuffers,0,64,1699007590478,24
SocialInfo,FlatBuffers,0,64,1699007591479,24
SocialInfo,FlatBuffers,0,64,1699007592491,23
SocialInfo,FlatBuffers,0,64,1699007593475,24
SocialInfo,FlatBuffers,0,64,1699007594479,24
SocialInfo,FlatBuffers,0,64,1699007595487,25
SocialInfo,FlatBuffers,0,64,1699007596482,24
SocialInfo,FlatBuffers,0,64,1699007597478,25
SocialInfo,FlatBuffers,0,64,1699007598481,25
SocialInfo,FlatBuffers,0,64,1699007599484,25
SocialInfo,FlatBuffers,0,64,1699007600474,23
SocialInfo,FlatBuffers,0,64,1699007601479,22
SocialInfo,FlatBuffers,0,64,1699007602476,24
SocialInfo,FlatBuffers,0,64,1699007603472,22
SocialInfo,FlatBuffers,0,64,1699007604486,23
SocialInfo,FlatBuffers,0,64,1699007605478,23
SocialInfo,FlatBuffers,0,64,1699007606475,25
SocialInfo,FlatBuffers,0,64,1699007607472,23
SocialInfo,FlatBuffers,0,64,1699007608480,24
SocialInfo,FlatBuffers,0,64,1699007609487,24
SocialInfo,FlatBuffers,0,64,1699007610474,25
SocialInfo,FlatBuffers,0,64,1699007611473,25
SocialInfo,FlatBuffers,0,64,1699007612477,25
SocialInfo,FlatBuffers,0,64,1699007613477,25
SocialInfo,FlatBuffers,0,64,1699007614494,23
SocialInfo,FlatBuffers,0,64,1699007615499,22
SocialInfo,FlatBuffers,0,64,1699007616476,18
SocialInfo,FlatBuffers,0,64,1699007617484,21
SocialInfo,FlatBuffers,0,64,1699007618487,21
SocialInfo,FlatBuffers,0,64,1699007619486,24
SocialInfo,FlatBuffers,0,64,1699007620498,23
SocialInfo,FlatBuffers,0,64,1699007621491,22
SocialInfo,FlatBuffers,0,64,1699007622488,21
SocialInfo,FlatBuffers,0,64,1699007623495,23
SocialInfo,FlatBuffers,0,64,1699007624495,25
SocialInfo,FlatBuffers,0,64,1699007625486,24
SocialInfo,FlatBuffers,0,64,1699007626485,24
SocialInfo,FlatBuffers,0,64,1699007627492,25
SocialInfo,FlatBuffers,0,64,1699007628473,24
SocialInfo,FlatBuffers,0,64,1699007629493,24
SocialInfo,FlatBuffers,0,64,1699007630477,22
SocialInfo,FlatBuffers,0,64,1699007631478,24
SocialInfo,FlatBuffers,0,64,1699007632478,25
SocialInfo,FlatBuffers,0,64,1699007633474,25
SocialInfo,FlatBuffers,0,64,1699007634486,24
SocialInfo,FlatBuffers,0,64,1699007635476,24
SocialInfo,FlatBuffers,0,64,1699007636486,24
SocialInfo,FlatBuffers,0,64,1699007637494,24
SocialInfo,FlatBuffers,0,64,1699007638482,22
SocialInfo,FlatBuffers,0,64,1699007639478,22
SocialInfo,FlatBuffers,0,64,1699007640482,22
SocialInfo,FlatBuffers,0,64,1699007641477,24
SocialInfo,FlatBuffers,0,64,1699007642478,23
SocialInfo,FlatBuffers,0,64,1699007643485,21
SocialInfo,FlatBuffers,0,64,1699007644488,20
SocialInfo,FlatBuffers,0,64,1699007645479,19
SocialInfo,FlatBuffers,0,64,1699007646475,24
SocialInfo,FlatBuffers,0,64,1699007647487,22
SocialInfo,FlatBuffers,0,64,1699007648487,23
SocialInfo,FlatBuffers,0,64,1699007649490,31
SocialInfo,FlatBuffers,0,64,1699007650499,29
SocialInfo,FlatBuffers,0,64,1699007651492,32
SocialInfo,FlatBuffers,0,64,1699007652478,30
SocialInfo,FlatBuffers,0,64,1699007653488,31
SocialInfo,FlatBuffers,0,64,1699007654487,29
SocialInfo,Avro,0,64,1699007748974,4
SocialInfo,Avro,0,64,1699007749954,26
SocialInfo,Avro,0,64,1699007750965,26
SocialInfo,Avro,0,64,1699007751958,25
SocialInfo,Avro,0,64,1699007752963,25
SocialInfo,CapnProto,0,64,1699007753950,0
SocialInfo,CapnProto,0,64,1699007754948,4
SocialInfo,CapnProto,0,64,1699007755958,23
SocialInfo,CapnProto,0,64,1699007756961,24
SocialInfo,CapnProto,0,64,1699007757960,24
SocialInfo,CapnProto,0,64,1699007758964,23
SocialInfo,FlatBuffers,0,64,1699007759953,8
SocialInfo,FlatBuffers,0,64,1699007760961,14
SocialInfo,FlatBuffers,0,64,1699007761969,25
SocialInfo,FlatBuffers,0,64,1699007762954,24
SocialInfo,FlatBuffers,0,64,1699007763969,22
SocialInfo,MessagePack-CSharp,0,64,1699007764958,21
SocialInfo,MessagePack-CSharp,0,64,1699007765971,1
SocialInfo,MessagePack-CSharp,0,64,1699007766953,18
SocialInfo,MessagePack-CSharp,0,64,1699007767959,26
SocialInfo,MessagePack-CSharp,0,64,1699007768959,25
SocialInfo,MessagePack-CSharp,0,64,1699007769961,26
SocialInfo,Newtonsoft.Json,0,64,1699007770959,10
SocialInfo,Newtonsoft.Json,0,64,1699007771953,9
SocialInfo,Newtonsoft.Json,0,64,1699007772969,25
SocialInfo,Newtonsoft.Json,0,64,1699007773961,26
SocialInfo,Newtonsoft.Json,0,64,1699007774953,24
SocialInfo,Protobuf,0,64,1699007775955,22
SocialInfo,Protobuf,0,64,1699007776965,2
SocialInfo,Protobuf,0,64,1699007777959,25
SocialInfo,Protobuf,0,64,1699007778954,25
SocialInfo,Protobuf,0,64,1699007779959,26
SocialInfo,Protobuf,0,64,1699007780957,26
SocialInfo,Thrift,0,64,1699007781963,3
SocialInfo,Thrift,0,64,1699007782959,18
SocialInfo,Thrift,0,64,1699007783953,23
SocialInfo,Thrift,0,64,1699007784965,24
SocialInfo,Thrift,0,64,1699007785953,20
SocialInfo,Thrift,0,64,1699007786963,20
Video,Avro,0,64,1699007811730,2
Video,Avro,0,64,1699007812721,20
Video,Avro,0,64,1699007813731,25
Video,Avro,0,64,1699007814722,26
Video,Avro,0,64,1699007815726,25
Video,CapnProto,0,64,1699007816723,8
Video,CapnProto,0,64,1699007817729,1
Video,CapnProto,0,64,1699007818723,17
Video,CapnProto,0,64,1699007819729,21
Video,CapnProto,0,64,1699007820720,24
Video,CapnProto,0,64,1699007821726,24
Video,FlatBuffers,0,64,1699007822717,19
Video,FlatBuffers,0,64,1699007823720,4
Video,FlatBuffers,0,64,1699007824730,24
Video,FlatBuffers,0,64,1699007825724,26
Video,FlatBuffers,0,64,1699007826744,25
Video,FlatBuffers,0,64,1699007827723,25
Video,MessagePack-CSharp,0,64,1699007828720,3
Video,MessagePack-CSharp,0,64,1699007829720,13
Video,MessagePack-CSharp,0,64,1699007830722,24
Video,MessagePack-CSharp,0,64,1699007831733,25
Video,MessagePack-CSharp,0,64,1699007832722,25
