Target,Serializer,Method,NumMessages,NumThreads,Timestamp,Requests
Mixed,CapnProto,Serialize,0,0,1699229774752,1
Mixed,CapnProto,Deserialize,0,0,1699229774752,1
Mixed,CapnProto,SerializeAndDeserialize,0,0,1699229774752,1
Mixed,CapnProto,Serialize,0,0,1699229775746,0
Mixed,CapnProto,Deserialize,0,0,1699229775746,0
Mixed,CapnProto,SerializeAndDeserialize,0,0,1699229775746,0
Mixed,CapnProto,Serialize,0,0,1699229776757,0
Mixed,CapnProto,Deserialize,0,0,1699229776757,0
Mixed,CapnProto,SerializeAndDeserialize,0,0,1699229776757,0
Mixed,CapnProto,Serialize,0,0,1699229777751,0
Mixed,CapnProto,Deserialize,0,0,1699229777751,0
Mixed,CapnProto,SerializeAndDeserialize,0,0,1699229777751,0
Mixed,CapnProto,Serialize,0,0,1699229778757,0
Mixed,CapnProto,Deserialize,0,0,1699229778757,0
Mixed,CapnProto,SerializeAndDeserialize,0,0,1699229778757,0
Mixed,CapnProto,Serialize,0,0,1699229779746,0
Mixed,CapnProto,Deserialize,0,0,1699229779746,0
Mixed,CapnProto,SerializeAndDeserialize,0,0,1699229779746,0
Mixed,CapnProto,Serialize,0,0,1699229780754,0
Mixed,CapnProto,Deserialize,0,0,1699229780754,0
Mixed,CapnProto,SerializeAndDeserialize,0,0,1699229780754,0
Mixed,CapnProto,Serialize,0,0,1699229781747,0
Mixed,CapnProto,Deserialize,0,0,1699229781747,0
Mixed,CapnProto,SerializeAndDeserialize,0,0,1699229781747,0
Mixed,CapnProto,Serialize,0,0,1699229782751,0
Mixed,CapnProto,Deserialize,0,0,1699229782751,0
Mixed,CapnProto,SerializeAndDeserialize,0,0,1699229782751,0
Mixed,CapnProto,Serialize,0,0,1699229783749,0
Mixed,CapnProto,Deserialize,0,0,1699229783749,0
Mixed,CapnProto,SerializeAndDeserialize,0,0,1699229783749,0
Mixed,CapnProto,Serialize,0,0,1699229784745,0
Mixed,CapnProto,Deserialize,0,0,1699229784745,0
Mixed,CapnProto,SerializeAndDeserialize,0,0,1699229784745,0
Mixed,CapnProto,Serialize,0,0,1699229785749,0
Mixed,CapnProto,Deserialize,0,0,1699229785749,0
Mixed,CapnProto,SerializeAndDeserialize,0,0,1699229785749,0
Mixed,CapnProto,Serialize,0,0,1699229786746,0
Mixed,CapnProto,Deserialize,0,0,1699229786746,0
Mixed,CapnProto,SerializeAndDeserialize,0,0,1699229786746,0
Mixed,CapnProto,Serialize,0,0,1699229787753,0
Mixed,CapnProto,Deserialize,0,0,1699229787753,0
Mixed,CapnProto,SerializeAndDeserialize,0,0,1699229787753,0
Mixed,CapnProto,Serialize,0,0,1699229788749,0
Mixed,CapnProto,Deserialize,0,0,1699229788749,0
Mixed,CapnProto,SerializeAndDeserialize,0,0,1699229788749,0
Mixed,Avro,Serialize,0,0,1699229789749,24
Mixed,Avro,Deserialize,0,0,1699229789749,11
Mixed,Avro,SerializeAndDeserialize,0,0,1699229789749,0
Mixed,Avro,Serialize,0,0,1699229790747,60
Mixed,Avro,Deserialize,0,0,1699229790747,60
Mixed,Avro,SerializeAndDeserialize,0,0,1699229790747,0
Mixed,Avro,Serialize,0,0,1699229791745,98
Mixed,Avro,Deserialize,0,0,1699229791745,99
Mixed,Avro,SerializeAndDeserialize,0,0,1699229791745,0
Mixed,Avro,Serialize,0,0,1699229792755,137
Mixed,Avro,Deserialize,0,0,1699229792755,137
Mixed,Avro,SerializeAndDeserialize,0,0,1699229792755,0
Mixed,Avro,Serialize,0,0,1699229793748,171
Mixed,Avro,Deserialize,0,0,1699229793748,171
Mixed,Avro,SerializeAndDeserialize,0,0,1699229793748,0
Mixed,Avro,Serialize,0,0,1699229794747,206
Mixed,Avro,Deserialize,0,0,1699229794747,206
Mixed,Avro,SerializeAndDeserialize,0,0,1699229794747,0
Mixed,Avro,Serialize,0,0,1699229795746,230
Mixed,Avro,Deserialize,0,0,1699229795746,228
Mixed,Avro,SerializeAndDeserialize,0,0,1699229795746,0
Mixed,Avro,Serialize,0,0,1699229796745,175
Mixed,Avro,Deserialize,0,0,1699229796745,178
Mixed,Avro,SerializeAndDeserialize,0,0,1699229796745,0
Mixed,Avro,Serialize,0,0,1699229797749,123
Mixed,Avro,Deserialize,0,0,1699229797749,119
Mixed,Avro,SerializeAndDeserialize,0,0,1699229797749,0
Mixed,Avro,Serialize,0,0,1699229798744,93
Mixed,Avro,Deserialize,0,0,1699229798744,92
Mixed,Avro,SerializeAndDeserialize,0,0,1699229798744,0
Mixed,Avro,Serialize,0,0,1699229799743,146
Mixed,Avro,Deserialize,0,0,1699229799743,146
Mixed,Avro,SerializeAndDeserialize,0,0,1699229799743,0
Mixed,Avro,Serialize,0,0,1699229800751,184
Mixed,Avro,Deserialize,0,0,1699229800751,186
Mixed,Avro,SerializeAndDeserialize,0,0,1699229800751,0
Mixed,Avro,Serialize,0,0,1699229801752,74
Mixed,Avro,Deserialize,0,0,1699229801752,73
Mixed,Avro,SerializeAndDeserialize,0,0,1699229801752,0
Mixed,Avro,Serialize,0,0,1699229802752,120
Mixed,Avro,Deserialize,0,0,1699229802752,117
Mixed,Avro,SerializeAndDeserialize,0,0,1699229802752,0
Mixed,Avro,Serialize,0,0,1699229803749,182
Mixed,Avro,Deserialize,0,0,1699229803749,176
Mixed,Avro,SerializeAndDeserialize,0,0,1699229803749,0
Mixed,Avro,Serialize,0,0,1699229804746,70
Mixed,Avro,Deserialize,0,0,1699229804746,78
Mixed,Avro,SerializeAndDeserialize,0,0,1699229804746,13
Mixed,Avro,Serialize,0,0,1699229805746,103
Mixed,Avro,Deserialize,0,0,1699229805746,99
Mixed,Avro,SerializeAndDeserialize,0,0,1699229805746,28
Mixed,Avro,Serialize,0,0,1699229806746,103
Mixed,Avro,Deserialize,0,0,1699229806746,102
Mixed,Avro,SerializeAndDeserialize,0,0,1699229806746,27
Mixed,Avro,Serialize,0,0,1699229807755,80
Mixed,Avro,Deserialize,0,0,1699229807755,78
Mixed,Avro,SerializeAndDeserialize,0,0,1699229807755,29
Mixed,Avro,Serialize,0,0,1699229808749,131
Mixed,Avro,Deserialize,0,0,1699229808749,131
Mixed,Avro,SerializeAndDeserialize,0,0,1699229808749,28
Mixed,Avro,Serialize,0,0,1699229809754,100
Mixed,Avro,Deserialize,0,0,1699229809754,104
Mixed,Avro,SerializeAndDeserialize,0,0,1699229809754,28
Mixed,Avro,Serialize,0,0,1699229810747,133
Mixed,Avro,Deserialize,0,0,1699229810747,134
Mixed,Avro,SerializeAndDeserialize,0,0,1699229810747,27
Mixed,Avro,Serialize,0,0,1699229811749,165
Mixed,Avro,Deserialize,0,0,1699229811749,169
Mixed,Avro,SerializeAndDeserialize,0,0,1699229811749,25
Mixed,Avro,Serialize,0,0,1699229812748,102
Mixed,Avro,Deserialize,0,0,1699229812748,98
Mixed,Avro,SerializeAndDeserialize,0,0,1699229812748,28
Mixed,Avro,Serialize,0,0,1699229813748,139
Mixed,Avro,Deserialize,0,0,1699229813748,131
Mixed,Avro,SerializeAndDeserialize,0,0,1699229813748,12
Mixed,Avro,Serialize,0,0,1699229814746,176
Mixed,Avro,Deserialize,0,0,1699229814746,175
Mixed,Avro,SerializeAndDeserialize,0,0,1699229814746,0
Mixed,Avro,Serialize,0,0,1699229815745,125
Mixed,Avro,Deserialize,0,0,1699229815745,122
Mixed,Avro,SerializeAndDeserialize,0,0,1699229815745,0
Mixed,Avro,Serialize,0,0,1699229816755,91
Mixed,Avro,Deserialize,0,0,1699229816755,95
Mixed,Avro,SerializeAndDeserialize,0,0,1699229816755,0
Mixed,Avro,Serialize,0,0,1699229817753,128
Mixed,Avro,Deserialize,0,0,1699229817753,126
Mixed,Avro,SerializeAndDeserialize,0,0,1699229817753,0
Mixed,Avro,Serialize,0,0,1699229818753,105
Mixed,Avro,Deserialize,0,0,1699229818753,111
Mixed,Avro,SerializeAndDeserialize,0,0,1699229818753,0
Mixed,Avro,Serialize,0,0,1699229819748,124
Mixed,Avro,Deserialize,0,0,1699229819748,114
Mixed,Avro,SerializeAndDeserialize,0,0,1699229819748,0
Mixed,Avro,Serialize,0,0,1699229820751,116
Mixed,Avro,Deserialize,0,0,1699229820751,118
Mixed,Avro,SerializeAndDeserialize,0,0,1699229820751,0
Mixed,Avro,Serialize,0,0,1699229821747,112
Mixed,Avro,Deserialize,0,0,1699229821747,111
Mixed,Avro,SerializeAndDeserialize,0,0,1699229821747,0
Mixed,Avro,Serialize,0,0,1699229822744,120
Mixed,Avro,Deserialize,0,0,1699229822744,122
Mixed,Avro,SerializeAndDeserialize,0,0,1699229822744,0
Mixed,Avro,Serialize,0,0,1699229823757,121
Mixed,Avro,Deserialize,0,0,1699229823757,120
Mixed,Avro,SerializeAndDeserialize,0,0,1699229823757,0
Mixed,Avro,Serialize,0,0,1699229824757,102
Mixed,Avro,Deserialize,0,0,1699229824757,104
Mixed,Avro,SerializeAndDeserialize,0,0,1699229824757,0
Mixed,Avro,Serialize,0,0,1699229825744,103
Mixed,Avro,Deserialize,0,0,1699229825744,107
Mixed,Avro,SerializeAndDeserialize,0,0,1699229825744,0
Mixed,Avro,Serialize,0,0,1699229826752,137
Mixed,Avro,Deserialize,0,0,1699229826752,135
Mixed,Avro,SerializeAndDeserialize,0,0,1699229826752,0
Mixed,Avro,Serialize,0,0,1699229827744,85
Mixed,Avro,Deserialize,0,0,1699229827744,91
Mixed,Avro,SerializeAndDeserialize,0,0,1699229827744,0
Mixed,Avro,Serialize,0,0,1699229828749,103
Mixed,Avro,Deserialize,0,0,1699229828749,102
Mixed,Avro,SerializeAndDeserialize,0,0,1699229828749,0
Mixed,Avro,Serialize,0,0,1699229829751,122
Mixed,Avro,Deserialize,0,0,1699229829751,122
Mixed,Avro,SerializeAndDeserialize,0,0,1699229829751,0
Mixed,Avro,Serialize,0,0,1699229830752,101
Mixed,Avro,Deserialize,0,0,1699229830752,101
Mixed,Avro,SerializeAndDeserialize,0,0,1699229830752,0
Mixed,Avro,Serialize,0,0,1699229831753,98
Mixed,Avro,Deserialize,0,0,1699229831753,94
Mixed,Avro,SerializeAndDeserialize,0,0,1699229831753,0
Mixed,Avro,Serialize,0,0,1699229832743,116
Mixed,Avro,Deserialize,0,0,1699229832743,107
Mixed,Avro,SerializeAndDeserialize,0,0,1699229832743,0
Mixed,Avro,Serialize,0,0,1699229833745,123
Mixed,Avro,Deserialize,0,0,1699229833745,127
Mixed,Avro,SerializeAndDeserialize,0,0,1699229833745,0
Mixed,Avro,Serialize,0,0,1699229834750,117
Mixed,Avro,Deserialize,0,0,1699229834750,114
Mixed,Avro,SerializeAndDeserialize,0,0,1699229834750,0
Mixed,Avro,Serialize,0,0,1699229835745,116
Mixed,Avro,Deserialize,0,0,1699229835745,112
Mixed,Avro,SerializeAndDeserialize,0,0,1699229835745,0
Mixed,Avro,Serialize,0,0,1699229836744,180
Mixed,Avro,Deserialize,0,0,1699229836744,179
Mixed,Avro,SerializeAndDeserialize,0,0,1699229836744,0
Mixed,Avro,Serialize,0,0,1699229837756,143
Mixed,Avro,Deserialize,0,0,1699229837756,141
Mixed,Avro,SerializeAndDeserialize,0,0,1699229837756,0
Mixed,Avro,Serialize,0,0,1699229838751,93
Mixed,Avro,Deserialize,0,0,1699229838751,91
Mixed,Avro,SerializeAndDeserialize,0,0,1699229838751,0
Mixed,Avro,Serialize,0,0,1699229839745,112
Mixed,Avro,Deserialize,0,0,1699229839745,112
Mixed,Avro,SerializeAndDeserialize,0,0,1699229839745,0
Mixed,Avro,Serialize,0,0,1699229840755,80
Mixed,Avro,Deserialize,0,0,1699229840755,83
Mixed,Avro,SerializeAndDeserialize,0,0,1699229840755,0
Mixed,Avro,Serialize,0,0,1699229841745,87
Mixed,Avro,Deserialize,0,0,1699229841745,83
Mixed,Avro,SerializeAndDeserialize,0,0,1699229841745,0
Mixed,Avro,Serialize,0,0,1699229842746,127
Mixed,Avro,Deserialize,0,0,1699229842746,128
Mixed,Avro,SerializeAndDeserialize,0,0,1699229842746,0
Mixed,Avro,Serialize,0,0,1699229843749,112
Mixed,Avro,Deserialize,0,0,1699229843749,106
Mixed,Avro,SerializeAndDeserialize,0,0,1699229843749,0
Mixed,Avro,Serialize,0,0,1699229844744,132
Mixed,Avro,Deserialize,0,0,1699229844744,134
Mixed,Avro,SerializeAndDeserialize,0,0,1699229844744,0
Mixed,Avro,Serialize,0,0,1699229845757,123
Mixed,Avro,Deserialize,0,0,1699229845757,130
Mixed,Avro,SerializeAndDeserialize,0,0,1699229845757,0
Mixed,Avro,Serialize,0,0,1699229846753,129
Mixed,Avro,Deserialize,0,0,1699229846753,125
Mixed,Avro,SerializeAndDeserialize,0,0,1699229846753,0
Mixed,Avro,Serialize,0,0,1699229847750,116
Mixed,Avro,Deserialize,0,0,1699229847750,121
Mixed,Avro,SerializeAndDeserialize,0,0,1699229847750,0
Mixed,Avro,Serialize,0,0,1699229848755,156
Mixed,Avro,Deserialize,0,0,1699229848755,153
Mixed,Avro,SerializeAndDeserialize,0,0,1699229848755,0
Mixed,Avro,Serialize,0,0,1699229849747,160
Mixed,Avro,Deserialize,0,0,1699229849747,167
Mixed,Avro,SerializeAndDeserialize,0,0,1699229849747,0
Mixed,Avro,Serialize,0,0,1699229850747,133
Mixed,Avro,Deserialize,0,0,1699229850747,131
Mixed,Avro,SerializeAndDeserialize,0,0,1699229850747,0
Mixed,Avro,Serialize,0,0,1699229851748,150
Mixed,Avro,Deserialize,0,0,1699229851748,150
Mixed,Avro,SerializeAndDeserialize,0,0,1699229851748,0
Mixed,Avro,Serialize,0,0,1699229852757,135
Mixed,Avro,Deserialize,0,0,1699229852757,135
Mixed,Avro,SerializeAndDeserialize,0,0,1699229852757,0
Mixed,Avro,Serialize,0,0,1699229853753,174
Mixed,Avro,Deserialize,0,0,1699229853753,171
Mixed,Avro,SerializeAndDeserialize,0,0,1699229853753,0
Mixed,Avro,Serialize,0,0,1699229854755,66
Mixed,Avro,Deserialize,0,0,1699229854755,66
Mixed,Avro,SerializeAndDeserialize,0,0,1699229854755,0
Mixed,Avro,Serialize,0,0,1699229855753,160
Mixed,Avro,Deserialize,0,0,1699229855753,166
Mixed,Avro,SerializeAndDeserialize,0,0,1699229855753,0
Mixed,Avro,Serialize,0,0,1699229856752,111
Mixed,Avro,Deserialize,0,0,1699229856752,111
Mixed,Avro,SerializeAndDeserialize,0,0,1699229856752,0
Mixed,Avro,Serialize,0,0,1699229857748,105
Mixed,Avro,Deserialize,0,0,1699229857748,102
Mixed,Avro,SerializeAndDeserialize,0,0,1699229857748,0
Mixed,Avro,Serialize,0,0,1699229858748,108
Mixed,Avro,Deserialize,0,0,1699229858748,100
Mixed,Avro,SerializeAndDeserialize,0,0,1699229858748,0
Mixed,Avro,Serialize,0,0,1699229859753,105
Mixed,Avro,Deserialize,0,0,1699229859753,104
Mixed,Avro,SerializeAndDeserialize,0,0,1699229859753,0
Mixed,Avro,Serialize,0,0,1699229860755,118
Mixed,Avro,Deserialize,0,0,1699229860755,118
Mixed,Avro,SerializeAndDeserialize,0,0,1699229860755,0
Mixed,Avro,Serialize,0,0,1699229861750,149
Mixed,Avro,Deserialize,0,0,1699229861750,145
Mixed,Avro,SerializeAndDeserialize,0,0,1699229861750,0
Mixed,Avro,Serialize,0,0,1699229862748,107
Mixed,Avro,Deserialize,0,0,1699229862748,107
Mixed,Avro,SerializeAndDeserialize,0,0,1699229862748,0
Mixed,Avro,Serialize,0,0,1699229863745,140
Mixed,Avro,Deserialize,0,0,1699229863745,139
Mixed,Avro,SerializeAndDeserialize,0,0,1699229863745,0
Mixed,Avro,Serialize,0,0,1699229864743,138
Mixed,Avro,Deserialize,0,0,1699229864743,134
Mixed,Avro,SerializeAndDeserialize,0,0,1699229864743,0
Mixed,Avro,Serialize,0,0,1699229865756,104
Mixed,Avro,Deserialize,0,0,1699229865756,97
Mixed,Avro,SerializeAndDeserialize,0,0,1699229865756,0
Mixed,Avro,Serialize,0,0,1699229866744,132
Mixed,Avro,Deserialize,0,0,1699229866744,128
Mixed,Avro,SerializeAndDeserialize,0,0,1699229866744,0
Mixed,Avro,Serialize,0,0,1699229867749,185
Mixed,Avro,Deserialize,0,0,1699229867749,186
Mixed,Avro,SerializeAndDeserialize,0,0,1699229867749,0
Mixed,Avro,Serialize,0,0,1699229868757,264
Mixed,Avro,Deserialize,0,0,1699229868757,263
Mixed,Avro,SerializeAndDeserialize,0,0,1699229868757,0
Mixed,Avro,Serialize,0,0,1699229869756,163
Mixed,Avro,Deserialize,0,0,1699229869756,160
Mixed,Avro,SerializeAndDeserialize,0,0,1699229869756,0
Mixed,Avro,Serialize,0,0,1699229870753,238
Mixed,Avro,Deserialize,0,0,1699229870753,230
Mixed,Avro,SerializeAndDeserialize,0,0,1699229870753,0
Mixed,Avro,Serialize,0,0,1699229871751,262
Mixed,Avro,Deserialize,0,0,1699229871751,262
Mixed,Avro,SerializeAndDeserialize,0,0,1699229871751,0
Mixed,Avro,Serialize,0,0,1699229872750,275
Mixed,Avro,Deserialize,0,0,1699229872750,262
Mixed,Avro,SerializeAndDeserialize,0,0,1699229872750,3
Mixed,Avro,Serialize,0,0,1699229873747,225
Mixed,Avro,Deserialize,0,0,1699229873747,227
Mixed,Avro,SerializeAndDeserialize,0,0,1699229873747,24
Mixed,Avro,Serialize,0,0,1699229874750,214
Mixed,Avro,Deserialize,0,0,1699229874750,214
Mixed,Avro,SerializeAndDeserialize,0,0,1699229874750,22
Mixed,Avro,Serialize,0,0,1699229875749,301
Mixed,Avro,Deserialize,0,0,1699229875749,300
Mixed,Avro,SerializeAndDeserialize,0,0,1699229875749,19
Mixed,Avro,Serialize,0,0,1699229876743,219
Mixed,Avro,Deserialize,0,0,1699229876743,214
Mixed,Avro,SerializeAndDeserialize,0,0,1699229876743,22
Mixed,Avro,Serialize,0,0,1699229877757,204
Mixed,Avro,Deserialize,0,0,1699229877757,192
Mixed,Avro,SerializeAndDeserialize,0,0,1699229877757,20
Mixed,Avro,Serialize,0,0,1699229878746,262
Mixed,Avro,Deserialize,0,0,1699229878746,260
Mixed,Avro,SerializeAndDeserialize,0,0,1699229878746,21
Mixed,Avro,Serialize,0,0,1699229879748,378
Mixed,Avro,Deserialize,0,0,1699229879748,377
Mixed,Avro,SerializeAndDeserialize,0,0,1699229879748,19
Mixed,Avro,Serialize,0,0,1699229880775,408
Mixed,Avro,Deserialize,0,0,1699229880775,411
Mixed,Avro,SerializeAndDeserialize,0,0,1699229880775,21
Mixed,Avro,Serialize,0,0,1699229881750,406
Mixed,Avro,Deserialize,0,0,1699229881750,408
Mixed,Avro,SerializeAndDeserialize,0,0,1699229881750,18
Mixed,Avro,Serialize,0,0,1699229882749,435
Mixed,Avro,Deserialize,0,0,1699229882749,439
Mixed,Avro,SerializeAndDeserialize,0,0,1699229882749,20
Mixed,Avro,Serialize,0,0,1699229883751,424
Mixed,Avro,Deserialize,0,0,1699229883751,419
Mixed,Avro,SerializeAndDeserialize,0,0,1699229883751,19
Mixed,Avro,Serialize,0,0,1699229884772,438
Mixed,Avro,Deserialize,0,0,1699229884772,438
Mixed,Avro,SerializeAndDeserialize,0,0,1699229884772,17
Mixed,Avro,Serialize,0,0,1699229885756,402
Mixed,Avro,Deserialize,0,0,1699229885756,395
Mixed,Avro,SerializeAndDeserialize,0,0,1699229885756,0
Mixed,Avro,Serialize,0,0,1699229886755,306
Mixed,Avro,Deserialize,0,0,1699229886755,299
Mixed,Avro,SerializeAndDeserialize,0,0,1699229886755,0
Mixed,Avro,Serialize,0,0,1699229887759,318
Mixed,Avro,Deserialize,0,0,1699229887759,318
Mixed,Avro,SerializeAndDeserialize,0,0,1699229887759,0
Mixed,Avro,Serialize,0,0,1699229888763,308
Mixed,Avro,Deserialize,0,0,1699229888763,316
Mixed,Avro,SerializeAndDeserialize,0,0,1699229888763,0
Mixed,Avro,Serialize,0,0,1699229889748,315
Mixed,Avro,Deserialize,0,0,1699229889748,314
Mixed,Avro,SerializeAndDeserialize,0,0,1699229889748,0
Mixed,Avro,Serialize,0,0,1699229890753,326
Mixed,Avro,Deserialize,0,0,1699229890753,324
Mixed,Avro,SerializeAndDeserialize,0,0,1699229890753,0
Mixed,Avro,Serialize,0,0,1699229891746,321
Mixed,Avro,Deserialize,0,0,1699229891746,314
Mixed,Avro,SerializeAndDeserialize,0,0,1699229891746,0
Mixed,Avro,Serialize,0,0,1699229892749,324
Mixed,Avro,Deserialize,0,0,1699229892749,325
Mixed,Avro,SerializeAndDeserialize,0,0,1699229892749,0
Mixed,Avro,Serialize,0,0,1699229893759,329
Mixed,Avro,Deserialize,0,0,1699229893759,330
Mixed,Avro,SerializeAndDeserialize,0,0,1699229893759,0
Mixed,Avro,Serialize,0,0,1699229894755,321
Mixed,Avro,Deserialize,0,0,1699229894755,318
Mixed,Avro,SerializeAndDeserialize,0,0,1699229894755,0
Mixed,Avro,Serialize,0,0,1699229895756,324
Mixed,Avro,Deserialize,0,0,1699229895756,310
Mixed,Avro,SerializeAndDeserialize,0,0,1699229895756,0
Mixed,Avro,Serialize,0,0,1699229896749,305
Mixed,Avro,Deserialize,0,0,1699229896749,320
Mixed,Avro,SerializeAndDeserialize,0,0,1699229896749,0
Mixed,Avro,Serialize,0,0,1699229897753,322
Mixed,Avro,Deserialize,0,0,1699229897753,321
Mixed,Avro,SerializeAndDeserialize,0,0,1699229897753,0
Mixed,Avro,Serialize,0,0,1699229898757,321
Mixed,Avro,Deserialize,0,0,1699229898757,321
Mixed,Avro,SerializeAndDeserialize,0,0,1699229898757,0
Mixed,Avro,Serialize,0,0,1699229899762,323
Mixed,Avro,Deserialize,0,0,1699229899762,333
Mixed,Avro,SerializeAndDeserialize,0,0,1699229899762,0
Mixed,Avro,Serialize,0,0,1699229900749,313
Mixed,Avro,Deserialize,0,0,1699229900749,315
Mixed,Avro,SerializeAndDeserialize,0,0,1699229900749,0
Mixed,Avro,Serialize,0,0,1699229901756,329
Mixed,Avro,Deserialize,0,0,1699229901756,323
Mixed,Avro,SerializeAndDeserialize,0,0,1699229901756,0
Mixed,Avro,Serialize,0,0,1699229902751,320
Mixed,Avro,Deserialize,0,0,1699229902751,320
Mixed,Avro,SerializeAndDeserialize,0,0,1699229902751,0
Mixed,Avro,Serialize,0,0,1699229903762,328
Mixed,Avro,Deserialize,0,0,1699229903762,324
Mixed,Avro,SerializeAndDeserialize,0,0,1699229903762,0
Mixed,Avro,Serialize,0,0,1699229904751,320
Mixed,Avro,Deserialize,0,0,1699229904751,320
Mixed,Avro,SerializeAndDeserialize,0,0,1699229904751,0
Mixed,Avro,Serialize,0,0,1699229905761,332
Mixed,Avro,Deserialize,0,0,1699229905761,334
Mixed,Avro,SerializeAndDeserialize,0,0,1699229905761,0
Mixed,Avro,Serialize,0,0,1699229906748,310
Mixed,Avro,Deserialize,0,0,1699229906748,318
Mixed,Avro,SerializeAndDeserialize,0,0,1699229906748,0
Mixed,Avro,Serialize,0,0,1699229907761,328
Mixed,Avro,Deserialize,0,0,1699229907761,320
Mixed,Avro,SerializeAndDeserialize,0,0,1699229907761,0
Mixed,Avro,Serialize,0,0,1699229908749,315
Mixed,Avro,Deserialize,0,0,1699229908749,317
Mixed,Avro,SerializeAndDeserialize,0,0,1699229908749,0
Mixed,Avro,Serialize,0,0,1699229909759,321
Mixed,Avro,Deserialize,0,0,1699229909759,318
Mixed,Avro,SerializeAndDeserialize,0,0,1699229909759,0
Mixed,Avro,Serialize,0,0,1699229910755,316
Mixed,Avro,Deserialize,0,0,1699229910755,313
Mixed,Avro,SerializeAndDeserialize,0,0,1699229910755,0
Mixed,Avro,Serialize,0,0,1699229911749,316
Mixed,Avro,Deserialize,0,0,1699229911749,313
Mixed,Avro,SerializeAndDeserialize,0,0,1699229911749,0
Mixed,Avro,Serialize,0,0,1699229912759,322
Mixed,Avro,Deserialize,0,0,1699229912759,315
Mixed,Avro,SerializeAndDeserialize,0,0,1699229912759,0
Mixed,Avro,Serialize,0,0,1699229913754,319
Mixed,Avro,Deserialize,0,0,1699229913754,325
Mixed,Avro,SerializeAndDeserialize,0,0,1699229913754,0
Mixed,Avro,Serialize,0,0,1699229914749,313
Mixed,Avro,Deserialize,0,0,1699229914749,323
Mixed,Avro,SerializeAndDeserialize,0,0,1699229914749,0
Mixed,Avro,Serialize,0,0,1699229915759,332
Mixed,Avro,Deserialize,0,0,1699229915759,336
Mixed,Avro,SerializeAndDeserialize,0,0,1699229915759,0
Mixed,Avro,Serialize,0,0,1699229916746,327
Mixed,Avro,Deserialize,0,0,1699229916746,320
Mixed,Avro,SerializeAndDeserialize,0,0,1699229916746,0
Mixed,Avro,Serialize,0,0,1699229917759,329
Mixed,Avro,Deserialize,0,0,1699229917759,331
Mixed,Avro,SerializeAndDeserialize,0,0,1699229917759,0
Mixed,Avro,Serialize,0,0,1699229918766,325
Mixed,Avro,Deserialize,0,0,1699229918766,320
Mixed,Avro,SerializeAndDeserialize,0,0,1699229918766,0
Mixed,Avro,Serialize,0,0,1699229919751,304
Mixed,Avro,Deserialize,0,0,1699229919751,303
Mixed,Avro,SerializeAndDeserialize,0,0,1699229919751,0
Mixed,Avro,Serialize,0,0,1699229920758,314
Mixed,Avro,Deserialize,0,0,1699229920758,324
Mixed,Avro,SerializeAndDeserialize,0,0,1699229920758,0
Mixed,Avro,Serialize,0,0,1699229921754,328
Mixed,Avro,Deserialize,0,0,1699229921754,317
Mixed,Avro,SerializeAndDeserialize,0,0,1699229921754,0
Mixed,Avro,Serialize,0,0,1699229922757,319
Mixed,Avro,Deserialize,0,0,1699229922757,320
Mixed,Avro,SerializeAndDeserialize,0,0,1699229922757,0
Mixed,Avro,Serialize,0,0,1699229923746,319
Mixed,Avro,Deserialize,0,0,1699229923746,320
Mixed,Avro,SerializeAndDeserialize,0,0,1699229923746,0
Mixed,Avro,Serialize,0,0,1699229924747,299
Mixed,Avro,Deserialize,0,0,1699229924747,301
Mixed,Avro,SerializeAndDeserialize,0,0,1699229924747,0
Mixed,Avro,Serialize,0,0,1699229925751,312
Mixed,Avro,Deserialize,0,0,1699229925751,310
Mixed,Avro,SerializeAndDeserialize,0,0,1699229925751,0
Mixed,Avro,Serialize,0,0,1699229926754,311
Mixed,Avro,Deserialize,0,0,1699229926754,309
Mixed,Avro,SerializeAndDeserialize,0,0,1699229926754,0
Mixed,Avro,Serialize,0,0,1699229927744,300
Mixed,Avro,Deserialize,0,0,1699229927744,307
Mixed,Avro,SerializeAndDeserialize,0,0,1699229927744,0
Mixed,Avro,Serialize,0,0,1699229928751,321
Mixed,Avro,Deserialize,0,0,1699229928751,312
Mixed,Avro,SerializeAndDeserialize,0,0,1699229928751,0
Mixed,Avro,Serialize,0,0,1699229929747,313
Mixed,Avro,Deserialize,0,0,1699229929747,319
Mixed,Avro,SerializeAndDeserialize,0,0,1699229929747,0
Mixed,Avro,Serialize,0,0,1699229930751,314
Mixed,Avro,Deserialize,0,0,1699229930751,316
Mixed,Avro,SerializeAndDeserialize,0,0,1699229930751,0
Mixed,Avro,Serialize,0,0,1699229931756,314
Mixed,Avro,Deserialize,0,0,1699229931756,322
Mixed,Avro,SerializeAndDeserialize,0,0,1699229931756,0
Mixed,Avro,Serialize,0,0,1699229932752,208
Mixed,Avro,Deserialize,0,0,1699229932752,189
Mixed,Avro,SerializeAndDeserialize,0,0,1699229932752,0
Mixed,Avro,Serialize,0,0,1699229933751,160
Mixed,Avro,Deserialize,0,0,1699229933751,153
Mixed,Avro,SerializeAndDeserialize,0,0,1699229933751,0
Mixed,Avro,Serialize,0,0,1699229934749,212
Mixed,Avro,Deserialize,0,0,1699229934749,203
Mixed,Avro,SerializeAndDeserialize,0,0,1699229934749,0
Mixed,Avro,Serialize,0,0,1699229935746,305
Mixed,Avro,Deserialize,0,0,1699229935746,305
Mixed,Avro,SerializeAndDeserialize,0,0,1699229935746,0
Mixed,Avro,Serialize,0,0,1699229936752,292
Mixed,Avro,Deserialize,0,0,1699229936752,290
Mixed,Avro,SerializeAndDeserialize,0,0,1699229936752,0
Mixed,Avro,Serialize,0,0,1699229937750,318
Mixed,Avro,Deserialize,0,0,1699229937750,307
Mixed,Avro,SerializeAndDeserialize,0,0,1699229937750,0
Mixed,Avro,Serialize,0,0,1699229938747,163
Mixed,Avro,Deserialize,0,0,1699229938747,171
Mixed,Avro,SerializeAndDeserialize,0,0,1699229938747,0
Mixed,Avro,Serialize,0,0,1699229939748,312
Mixed,Avro,Deserialize,0,0,1699229939748,307
Mixed,Avro,SerializeAndDeserialize,0,0,1699229939748,0
Mixed,Avro,Serialize,0,0,1699229940756,240
Mixed,Avro,Deserialize,0,0,1699229940756,233
Mixed,Avro,SerializeAndDeserialize,0,0,1699229940756,0
Mixed,Avro,Serialize,0,0,1699229941753,225
Mixed,Avro,Deserialize,0,0,1699229941753,226
Mixed,Avro,SerializeAndDeserialize,0,0,1699229941753,0
Mixed,Avro,Serialize,0,0,1699229942748,281
Mixed,Avro,Deserialize,0,0,1699229942748,281
Mixed,Avro,SerializeAndDeserialize,0,0,1699229942748,0
Mixed,Avro,Serialize,0,0,1699229943752,241
Mixed,Avro,Deserialize,0,0,1699229943752,246
Mixed,Avro,SerializeAndDeserialize,0,0,1699229943752,0
Mixed,Avro,Serialize,0,0,1699229944745,299
Mixed,Avro,Deserialize,0,0,1699229944745,304
Mixed,Avro,SerializeAndDeserialize,0,0,1699229944745,0
Mixed,Avro,Serialize,0,0,1699229945821,294
Mixed,Avro,Deserialize,0,0,1699229945821,288
Mixed,Avro,SerializeAndDeserialize,0,0,1699229945821,0
Mixed,Avro,Serialize,0,0,1699229946756,166
Mixed,Avro,Deserialize,0,0,1699229946756,167
Mixed,Avro,SerializeAndDeserialize,0,0,1699229946756,0
Mixed,Avro,Serialize,0,0,1699229947747,255
Mixed,Avro,Deserialize,0,0,1699229947747,252
Mixed,Avro,SerializeAndDeserialize,0,0,1699229947747,0
Mixed,Avro,Serialize,0,0,1699229948746,224
Mixed,Avro,Deserialize,0,0,1699229948746,226
Mixed,Avro,SerializeAndDeserialize,0,0,1699229948746,0
Mixed,Avro,Serialize,0,0,1699229949744,155
Mixed,Avro,Deserialize,0,0,1699229949744,155
Mixed,Avro,SerializeAndDeserialize,0,0,1699229949744,0
Mixed,Avro,Serialize,0,0,1699229950757,160
Mixed,Avro,Deserialize,0,0,1699229950757,170
Mixed,Avro,SerializeAndDeserialize,0,0,1699229950757,0
Mixed,Avro,Serialize,0,0,1699229951752,245
Mixed,Avro,Deserialize,0,0,1699229951752,236
Mixed,Avro,SerializeAndDeserialize,0,0,1699229951752,0
Mixed,Avro,Serialize,0,0,1699229952753,184
Mixed,Avro,Deserialize,0,0,1699229952753,179
Mixed,Avro,SerializeAndDeserialize,0,0,1699229952753,0
Mixed,Avro,Serialize,0,0,1699229953758,245
Mixed,Avro,Deserialize,0,0,1699229953758,250
Mixed,Avro,SerializeAndDeserialize,0,0,1699229953758,0
Mixed,Avro,Serialize,0,0,1699229954743,249
Mixed,Avro,Deserialize,0,0,1699229954743,239
Mixed,Avro,SerializeAndDeserialize,0,0,1699229954743,0
Mixed,Avro,Serialize,0,0,1699229955749,329
Mixed,Avro,Deserialize,0,0,1699229955749,327
Mixed,Avro,SerializeAndDeserialize,0,0,1699229955749,0
Mixed,Avro,Serialize,0,0,1699229956755,299
Mixed,Avro,Deserialize,0,0,1699229956755,304
Mixed,Avro,SerializeAndDeserialize,0,0,1699229956755,0
Mixed,Avro,Serialize,0,0,1699229957746,266
Mixed,Avro,Deserialize,0,0,1699229957746,268
Mixed,Avro,SerializeAndDeserialize,0,0,1699229957746,0
Mixed,Avro,Serialize,0,0,1699229958756,198
Mixed,Avro,Deserialize,0,0,1699229958756,197
Mixed,Avro,SerializeAndDeserialize,0,0,1699229958756,0
Mixed,Avro,Serialize,0,0,1699229959747,186
Mixed,Avro,Deserialize,0,0,1699229959747,183
Mixed,Avro,SerializeAndDeserialize,0,0,1699229959747,0
Mixed,Avro,Serialize,0,0,1699229960756,404
Mixed,Avro,Deserialize,0,0,1699229960756,407
Mixed,Avro,SerializeAndDeserialize,0,0,1699229960756,0
Mixed,Avro,Serialize,0,0,1699229961775,526
Mixed,Avro,Deserialize,0,0,1699229961775,524
Mixed,Avro,SerializeAndDeserialize,0,0,1699229961775,0
Mixed,Avro,Serialize,0,0,1699229962748,569
Mixed,Avro,Deserialize,0,0,1699229962748,571
Mixed,Avro,SerializeAndDeserialize,0,0,1699229962748,0
Mixed,Avro,Serialize,0,0,1699229963750,583
Mixed,Avro,Deserialize,0,0,1699229963750,570
Mixed,Avro,SerializeAndDeserialize,0,0,1699229963750,0
Mixed,Avro,Serialize,0,0,1699229964746,473
Mixed,Avro,Deserialize,0,0,1699229964746,469
Mixed,Avro,SerializeAndDeserialize,0,0,1699229964746,0
Mixed,Avro,Serialize,0,0,1699229965759,326
Mixed,Avro,Deserialize,0,0,1699229965759,322
Mixed,Avro,SerializeAndDeserialize,0,0,1699229965759,0
Mixed,Avro,Serialize,0,0,1699229966760,339
Mixed,Avro,Deserialize,0,0,1699229966760,333
Mixed,Avro,SerializeAndDeserialize,0,0,1699229966760,0
Mixed,Avro,Serialize,0,0,1699229967759,303
Mixed,Avro,Deserialize,0,0,1699229967759,319
Mixed,Avro,SerializeAndDeserialize,0,0,1699229967759,1
Mixed,Avro,Serialize,0,0,1699229968758,322
Mixed,Avro,Deserialize,0,0,1699229968758,304
Mixed,Avro,SerializeAndDeserialize,0,0,1699229968758,3
Mixed,Avro,Serialize,0,0,1699229969748,317
Mixed,Avro,Deserialize,0,0,1699229969748,333
Mixed,Avro,SerializeAndDeserialize,0,0,1699229969748,4
Mixed,Avro,Serialize,0,0,1699229970750,319
Mixed,Avro,Deserialize,0,0,1699229970750,316
Mixed,Avro,SerializeAndDeserialize,0,0,1699229970750,4
Mixed,Avro,Serialize,0,0,1699229971748,327
Mixed,Avro,Deserialize,0,0,1699229971748,325
Mixed,Avro,SerializeAndDeserialize,0,0,1699229971748,4
Mixed,Avro,Serialize,0,0,1699229972751,324
Mixed,Avro,Deserialize,0,0,1699229972751,321
Mixed,Avro,SerializeAndDeserialize,0,0,1699229972751,3
Mixed,Avro,Serialize,0,0,1699229973745,319
Mixed,Avro,Deserialize,0,0,1699229973745,307
Mixed,Avro,SerializeAndDeserialize,0,0,1699229973745,4
Mixed,Avro,Serialize,0,0,1699229974753,327
Mixed,Avro,Deserialize,0,0,1699229974753,330
Mixed,Avro,SerializeAndDeserialize,0,0,1699229974753,4
Mixed,Avro,Serialize,0,0,1699229975761,322
Mixed,Avro,Deserialize,0,0,1699229975761,324
Mixed,Avro,SerializeAndDeserialize,0,0,1699229975761,3
Mixed,Avro,Serialize,0,0,1699229976751,312
Mixed,Avro,Deserialize,0,0,1699229976751,310
Mixed,Avro,SerializeAndDeserialize,0,0,1699229976751,4
Mixed,Avro,Serialize,0,0,1699229977759,316
Mixed,Avro,Deserialize,0,0,1699229977759,316
Mixed,Avro,SerializeAndDeserialize,0,0,1699229977759,3
Mixed,Avro,Serialize,0,0,1699229978744,316
Mixed,Avro,Deserialize,0,0,1699229978744,305
Mixed,Avro,SerializeAndDeserialize,0,0,1699229978744,3
Mixed,Avro,Serialize,0,0,1699229979755,308
Mixed,Avro,Deserialize,0,0,1699229979755,320
Mixed,Avro,SerializeAndDeserialize,0,0,1699229979755,4
Mixed,Avro,Serialize,0,0,1699229980759,332
Mixed,Avro,Deserialize,0,0,1699229980759,316
Mixed,Avro,SerializeAndDeserialize,0,0,1699229980759,4
Mixed,Avro,Serialize,0,0,1699229981751,313
Mixed,Avro,Deserialize,0,0,1699229981751,314
Mixed,Avro,SerializeAndDeserialize,0,0,1699229981751,3
Mixed,Avro,Serialize,0,0,1699229982751,332
Mixed,Avro,Deserialize,0,0,1699229982751,334
Mixed,Avro,SerializeAndDeserialize,0,0,1699229982751,4
Mixed,Avro,Serialize,0,0,1699229983750,324
Mixed,Avro,Deserialize,0,0,1699229983750,327
Mixed,Avro,SerializeAndDeserialize,0,0,1699229983750,3
Mixed,Avro,Serialize,0,0,1699229984752,325
Mixed,Avro,Deserialize,0,0,1699229984752,317
Mixed,Avro,SerializeAndDeserialize,0,0,1699229984752,4
Mixed,Avro,Serialize,0,0,1699229985754,307
Mixed,Avro,Deserialize,0,0,1699229985754,319
Mixed,Avro,SerializeAndDeserialize,0,0,1699229985754,3
Mixed,Avro,Serialize,0,0,1699229986746,297
Mixed,Avro,Deserialize,0,0,1699229986746,295
Mixed,Avro,SerializeAndDeserialize,0,0,1699229986746,4
Mixed,Avro,Serialize,0,0,1699229987775,313
Mixed,Avro,Deserialize,0,0,1699229987775,316
Mixed,Avro,SerializeAndDeserialize,0,0,1699229987775,3
Mixed,Avro,Serialize,0,0,1699229988763,321
Mixed,Avro,Deserialize,0,0,1699229988763,304
Mixed,Avro,SerializeAndDeserialize,0,0,1699229988763,4
Mixed,Avro,Serialize,0,0,1699229989753,313
Mixed,Avro,Deserialize,0,0,1699229989753,306
Mixed,Avro,SerializeAndDeserialize,0,0,1699229989753,3
Mixed,Avro,Serialize,0,0,1699229990760,318
Mixed,Avro,Deserialize,0,0,1699229990760,308
Mixed,Avro,SerializeAndDeserialize,0,0,1699229990760,4
Mixed,Avro,Serialize,0,0,1699229991752,254
Mixed,Avro,Deserialize,0,0,1699229991752,270
Mixed,Avro,SerializeAndDeserialize,0,0,1699229991752,3
Mixed,Avro,Serialize,0,0,1699229992751,315
Mixed,Avro,Deserialize,0,0,1699229992751,316
Mixed,Avro,SerializeAndDeserialize,0,0,1699229992751,3
Mixed,Avro,Serialize,0,0,1699229993755,313
Mixed,Avro,Deserialize,0,0,1699229993755,314
Mixed,Avro,SerializeAndDeserialize,0,0,1699229993755,3
Mixed,Avro,Serialize,0,0,1699229994745,310
Mixed,Avro,Deserialize,0,0,1699229994745,306
Mixed,Avro,SerializeAndDeserialize,0,0,1699229994745,4
Mixed,Avro,Serialize,0,0,1699229995747,315
Mixed,Avro,Deserialize,0,0,1699229995747,317
Mixed,Avro,SerializeAndDeserialize,0,0,1699229995747,4
Mixed,Avro,Serialize,0,0,1699229996760,322
Mixed,Avro,Deserialize,0,0,1699229996760,305
Mixed,Avro,SerializeAndDeserialize,0,0,1699229996760,5
Mixed,Avro,Serialize,0,0,1699229997751,291
Mixed,Avro,Deserialize,0,0,1699229997751,316
Mixed,Avro,SerializeAndDeserialize,0,0,1699229997751,3
Mixed,Avro,Serialize,0,0,1699229998758,323
Mixed,Avro,Deserialize,0,0,1699229998758,312
Mixed,Avro,SerializeAndDeserialize,0,0,1699229998758,4
Mixed,Avro,Serialize,0,0,1699229999744,305
Mixed,Avro,Deserialize,0,0,1699229999744,300
Mixed,Avro,SerializeAndDeserialize,0,0,1699229999744,4
Mixed,Avro,Serialize,0,0,1699230000764,327
Mixed,Avro,Deserialize,0,0,1699230000764,322
Mixed,Avro,SerializeAndDeserialize,0,0,1699230000764,3
Mixed,Avro,Serialize,0,0,1699230001757,326
Mixed,Avro,Deserialize,0,0,1699230001757,319
Mixed,Avro,SerializeAndDeserialize,0,0,1699230001757,4
Mixed,Avro,Serialize,0,0,1699230002758,317
Mixed,Avro,Deserialize,0,0,1699230002758,325
Mixed,Avro,SerializeAndDeserialize,0,0,1699230002758,3
Mixed,Avro,Serialize,0,0,1699230003748,316
Mixed,Avro,Deserialize,0,0,1699230003748,321
Mixed,Avro,SerializeAndDeserialize,0,0,1699230003748,3
Mixed,Avro,Serialize,0,0,1699230004772,322
Mixed,Avro,Deserialize,0,0,1699230004772,321
Mixed,Avro,SerializeAndDeserialize,0,0,1699230004772,4
Mixed,Avro,Serialize,0,0,1699230005761,324
Mixed,Avro,Deserialize,0,0,1699230005761,319
Mixed,Avro,SerializeAndDeserialize,0,0,1699230005761,4
Mixed,Avro,Serialize,0,0,1699230006758,330
Mixed,Avro,Deserialize,0,0,1699230006758,321
Mixed,Avro,SerializeAndDeserialize,0,0,1699230006758,4
Mixed,Avro,Serialize,0,0,1699230007749,316
Mixed,Avro,Deserialize,0,0,1699230007749,314
Mixed,Avro,SerializeAndDeserialize,0,0,1699230007749,3
Mixed,Avro,Serialize,0,0,1699230008760,322
Mixed,Avro,Deserialize,0,0,1699230008760,328
Mixed,Avro,SerializeAndDeserialize,0,0,1699230008760,3
Mixed,Avro,Serialize,0,0,1699230009752,316
Mixed,Avro,Deserialize,0,0,1699230009752,321
Mixed,Avro,SerializeAndDeserialize,0,0,1699230009752,3
Mixed,Avro,Serialize,0,0,1699230010758,318
Mixed,Avro,Deserialize,0,0,1699230010758,318
Mixed,Avro,SerializeAndDeserialize,0,0,1699230010758,4
Mixed,Avro,Serialize,0,0,1699230011755,326
Mixed,Avro,Deserialize,0,0,1699230011755,318
Mixed,Avro,SerializeAndDeserialize,0,0,1699230011755,3
Mixed,Avro,Serialize,0,0,1699230012754,317
Mixed,Avro,Deserialize,0,0,1699230012754,327
Mixed,Avro,SerializeAndDeserialize,0,0,1699230012754,4
Mixed,Avro,Serialize,0,0,1699230013745,315
Mixed,Avro,Deserialize,0,0,1699230013745,319
Mixed,Avro,SerializeAndDeserialize,0,0,1699230013745,4
Mixed,Avro,Serialize,0,0,1699230014747,330
Mixed,Avro,Deserialize,0,0,1699230014747,319
Mixed,Avro,SerializeAndDeserialize,0,0,1699230014747,4
Mixed,Avro,Serialize,0,0,1699230015756,334
Mixed,Avro,Deserialize,0,0,1699230015756,326
Mixed,Avro,SerializeAndDeserialize,0,0,1699230015756,3
Mixed,Avro,Serialize,0,0,1699230016748,321
Mixed,Avro,Deserialize,0,0,1699230016748,318
Mixed,Avro,SerializeAndDeserialize,0,0,1699230016748,4
Mixed,Avro,Serialize,0,0,1699230017745,321
Mixed,Avro,Deserialize,0,0,1699230017745,329
Mixed,Avro,SerializeAndDeserialize,0,0,1699230017745,3
Mixed,Avro,Serialize,0,0,1699230018743,308
Mixed,Avro,Deserialize,0,0,1699230018743,309
Mixed,Avro,SerializeAndDeserialize,0,0,1699230018743,3
Mixed,Avro,Serialize,0,0,1699230019760,330
Mixed,Avro,Deserialize,0,0,1699230019760,330
Mixed,Avro,SerializeAndDeserialize,0,0,1699230019760,4
Mixed,Avro,Serialize,0,0,1699230020743,320
Mixed,Avro,Deserialize,0,0,1699230020743,311
Mixed,Avro,SerializeAndDeserialize,0,0,1699230020743,4
Mixed,Avro,Serialize,0,0,1699230021756,319
Mixed,Avro,Deserialize,0,0,1699230021756,327
Mixed,Avro,SerializeAndDeserialize,0,0,1699230021756,4
Mixed,Avro,Serialize,0,0,1699230022746,305
Mixed,Avro,Deserialize,0,0,1699230022746,319
Mixed,Avro,SerializeAndDeserialize,0,0,1699230022746,3
Mixed,Avro,Serialize,0,0,1699230023752,329
Mixed,Avro,Deserialize,0,0,1699230023752,307
Mixed,Avro,SerializeAndDeserialize,0,0,1699230023752,4
Mixed,Avro,Serialize,0,0,1699230024749,322
Mixed,Avro,Deserialize,0,0,1699230024749,318
Mixed,Avro,SerializeAndDeserialize,0,0,1699230024749,5
Mixed,Avro,Serialize,0,0,1699230025752,319
Mixed,Avro,Deserialize,0,0,1699230025752,328
Mixed,Avro,SerializeAndDeserialize,0,0,1699230025752,4
Mixed,Avro,Serialize,0,0,1699230026758,315
Mixed,Avro,Deserialize,0,0,1699230026758,319
Mixed,Avro,SerializeAndDeserialize,0,0,1699230026758,3
Mixed,Avro,Serialize,0,0,1699230027749,317
Mixed,Avro,Deserialize,0,0,1699230027749,314
Mixed,Avro,SerializeAndDeserialize,0,0,1699230027749,4
Mixed,Avro,Serialize,0,0,1699230028750,308
Mixed,Avro,Deserialize,0,0,1699230028750,322
Mixed,Avro,SerializeAndDeserialize,0,0,1699230028750,3
Mixed,Avro,Serialize,0,0,1699230029752,322
Mixed,Avro,Deserialize,0,0,1699230029752,311
Mixed,Avro,SerializeAndDeserialize,0,0,1699230029752,3
Mixed,Avro,Serialize,0,0,1699230030764,309
Mixed,Avro,Deserialize,0,0,1699230030764,314
Mixed,Avro,SerializeAndDeserialize,0,0,1699230030764,4
Mixed,Avro,Serialize,0,0,1699230031759,316
Mixed,Avro,Deserialize,0,0,1699230031759,326
Mixed,Avro,SerializeAndDeserialize,0,0,1699230031759,4
Mixed,Avro,Serialize,0,0,1699230032760,327
Mixed,Avro,Deserialize,0,0,1699230032760,316
Mixed,Avro,SerializeAndDeserialize,0,0,1699230032760,3
Mixed,Avro,Serialize,0,0,1699230033759,251
Mixed,Avro,Deserialize,0,0,1699230033759,242
Mixed,Avro,SerializeAndDeserialize,0,0,1699230033759,3
Mixed,Avro,Serialize,0,0,1699230034747,315
Mixed,Avro,Deserialize,0,0,1699230034747,312
Mixed,Avro,SerializeAndDeserialize,0,0,1699230034747,3
Mixed,Avro,Serialize,0,0,1699230035761,326
Mixed,Avro,Deserialize,0,0,1699230035761,335
Mixed,Avro,SerializeAndDeserialize,0,0,1699230035761,4
Mixed,Avro,Serialize,0,0,1699230036751,310
Mixed,Avro,Deserialize,0,0,1699230036751,314
Mixed,Avro,SerializeAndDeserialize,0,0,1699230036751,1
Mixed,Avro,Serialize,0,0,1699230037758,316
Mixed,Avro,Deserialize,0,0,1699230037758,315
Mixed,Avro,SerializeAndDeserialize,0,0,1699230037758,0
Mixed,Avro,Serialize,0,0,1699230038770,336
Mixed,Avro,Deserialize,0,0,1699230038770,328
Mixed,Avro,SerializeAndDeserialize,0,0,1699230038770,0
Mixed,Avro,Serialize,0,0,1699230039753,320
Mixed,Avro,Deserialize,0,0,1699230039753,333
Mixed,Avro,SerializeAndDeserialize,0,0,1699230039753,0
Mixed,Avro,Serialize,0,0,1699230040751,333
Mixed,Avro,Deserialize,0,0,1699230040751,335
Mixed,Avro,SerializeAndDeserialize,0,0,1699230040751,0
Mixed,Avro,Serialize,0,0,1699230041751,331
Mixed,Avro,Deserialize,0,0,1699230041751,330
Mixed,Avro,SerializeAndDeserialize,0,0,1699230041751,0
Mixed,Avro,Serialize,0,0,1699230042751,331
Mixed,Avro,Deserialize,0,0,1699230042751,313
Mixed,Avro,SerializeAndDeserialize,0,0,1699230042751,0
Mixed,Avro,Serialize,0,0,1699230043750,316
Mixed,Avro,Deserialize,0,0,1699230043750,316
Mixed,Avro,SerializeAndDeserialize,0,0,1699230043750,0
Mixed,Avro,Serialize,0,0,1699230044753,299
Mixed,Avro,Deserialize,0,0,1699230044753,309
Mixed,Avro,SerializeAndDeserialize,0,0,1699230044753,0
Mixed,Avro,Serialize,0,0,1699230045763,308
Mixed,Avro,Deserialize,0,0,1699230045763,310
Mixed,Avro,SerializeAndDeserialize,0,0,1699230045763,0
Mixed,Avro,Serialize,0,0,1699230046753,334
Mixed,Avro,Deserialize,0,0,1699230046753,327
Mixed,Avro,SerializeAndDeserialize,0,0,1699230046753,0
Mixed,Avro,Serialize,0,0,1699230047752,329
Mixed,Avro,Deserialize,0,0,1699230047752,329
Mixed,Avro,SerializeAndDeserialize,0,0,1699230047752,0
Mixed,Avro,Serialize,0,0,1699230048755,335
Mixed,Avro,Deserialize,0,0,1699230048755,341
Mixed,Avro,SerializeAndDeserialize,0,0,1699230048755,0
Mixed,Avro,Serialize,0,0,1699230049746,326
Mixed,Avro,Deserialize,0,0,1699230049746,329
Mixed,Avro,SerializeAndDeserialize,0,0,1699230049746,0
Mixed,Avro,Serialize,0,0,1699230050749,324
Mixed,Avro,Deserialize,0,0,1699230050749,325
Mixed,Avro,SerializeAndDeserialize,0,0,1699230050749,0
Mixed,Avro,Serialize,0,0,1699230051749,323
Mixed,Avro,Deserialize,0,0,1699230051749,315
Mixed,Avro,SerializeAndDeserialize,0,0,1699230051749,0
Mixed,Avro,Serialize,0,0,1699230052747,319
Mixed,Avro,Deserialize,0,0,1699230052747,320
Mixed,Avro,SerializeAndDeserialize,0,0,1699230052747,0
Mixed,Avro,Serialize,0,0,1699230053749,319
Mixed,Avro,Deserialize,0,0,1699230053749,322
Mixed,Avro,SerializeAndDeserialize,0,0,1699230053749,0
Mixed,Avro,Serialize,0,0,1699230054747,334
Mixed,Avro,Deserialize,0,0,1699230054747,326
Mixed,Avro,SerializeAndDeserialize,0,0,1699230054747,0
Mixed,Avro,Serialize,0,0,1699230055751,311
Mixed,Avro,Deserialize,0,0,1699230055751,330
Mixed,Avro,SerializeAndDeserialize,0,0,1699230055751,0
Mixed,Avro,Serialize,0,0,1699230056760,327
Mixed,Avro,Deserialize,0,0,1699230056760,319
Mixed,Avro,SerializeAndDeserialize,0,0,1699230056760,0
Mixed,Avro,Serialize,0,0,1699230057760,310
Mixed,Avro,Deserialize,0,0,1699230057760,314
Mixed,Avro,SerializeAndDeserialize,0,0,1699230057760,0
Mixed,Avro,Serialize,0,0,1699230058760,323
Mixed,Avro,Deserialize,0,0,1699230058760,315
Mixed,Avro,SerializeAndDeserialize,0,0,1699230058760,0
Mixed,Avro,Serialize,0,0,1699230059758,317
Mixed,Avro,Deserialize,0,0,1699230059758,317
Mixed,Avro,SerializeAndDeserialize,0,0,1699230059758,0
Mixed,Avro,Serialize,0,0,1699230060757,324
Mixed,Avro,Deserialize,0,0,1699230060757,308
Mixed,Avro,SerializeAndDeserialize,0,0,1699230060757,0
Mixed,Avro,Serialize,0,0,1699230061757,294
Mixed,Avro,Deserialize,0,0,1699230061757,310
Mixed,Avro,SerializeAndDeserialize,0,0,1699230061757,0
Mixed,Avro,Serialize,0,0,1699230062745,327
Mixed,Avro,Deserialize,0,0,1699230062745,319
Mixed,Avro,SerializeAndDeserialize,0,0,1699230062745,0
Mixed,Avro,Serialize,0,0,1699230063744,321
Mixed,Avro,Deserialize,0,0,1699230063744,320
Mixed,Avro,SerializeAndDeserialize,0,0,1699230063744,0
Mixed,Avro,Serialize,0,0,1699230064762,343
Mixed,Avro,Deserialize,0,0,1699230064762,327
Mixed,Avro,SerializeAndDeserialize,0,0,1699230064762,0
Mixed,Avro,Serialize,0,0,1699230065755,326
Mixed,Avro,Deserialize,0,0,1699230065755,319
Mixed,Avro,SerializeAndDeserialize,0,0,1699230065755,0
Mixed,Avro,Serialize,0,0,1699230066767,324
Mixed,Avro,Deserialize,0,0,1699230066767,339
Mixed,Avro,SerializeAndDeserialize,0,0,1699230066767,0
Mixed,Avro,Serialize,0,0,1699230067757,333
Mixed,Avro,Deserialize,0,0,1699230067757,320
Mixed,Avro,SerializeAndDeserialize,0,0,1699230067757,0
Mixed,Avro,Serialize,0,0,1699230068759,323
Mixed,Avro,Deserialize,0,0,1699230068759,327
Mixed,Avro,SerializeAndDeserialize,0,0,1699230068759,0
Mixed,Avro,Serialize,0,0,1699230069763,331
Mixed,Avro,Deserialize,0,0,1699230069763,325
Mixed,Avro,SerializeAndDeserialize,0,0,1699230069763,0
Mixed,Avro,Serialize,0,0,1699230070755,327
Mixed,Avro,Deserialize,0,0,1699230070755,325
Mixed,Avro,SerializeAndDeserialize,0,0,1699230070755,0
Mixed,Avro,Serialize,0,0,1699230071756,339
Mixed,Avro,Deserialize,0,0,1699230071756,339
Mixed,Avro,SerializeAndDeserialize,0,0,1699230071756,0
Mixed,Avro,Serialize,0,0,1699230072746,326
Mixed,Avro,Deserialize,0,0,1699230072746,319
Mixed,Avro,SerializeAndDeserialize,0,0,1699230072746,0
Mixed,Avro,Serialize,0,0,1699230073759,316
Mixed,Avro,Deserialize,0,0,1699230073759,327
Mixed,Avro,SerializeAndDeserialize,0,0,1699230073759,2
Mixed,Avro,Serialize,0,0,1699230074749,326
Mixed,Avro,Deserialize,0,0,1699230074749,318
Mixed,Avro,SerializeAndDeserialize,0,0,1699230074749,2
Mixed,Avro,Serialize,0,0,1699230075750,332
Mixed,Avro,Deserialize,0,0,1699230075750,338
Mixed,Avro,SerializeAndDeserialize,0,0,1699230075750,3
Mixed,Avro,Serialize,0,0,1699230076752,325
Mixed,Avro,Deserialize,0,0,1699230076752,313
Mixed,Avro,SerializeAndDeserialize,0,0,1699230076752,2
Mixed,Avro,Serialize,0,0,1699230077751,317
Mixed,Avro,Deserialize,0,0,1699230077751,318
Mixed,Avro,SerializeAndDeserialize,0,0,1699230077751,2
Mixed,Avro,Serialize,0,0,1699230078760,320
Mixed,Avro,Deserialize,0,0,1699230078760,331
Mixed,Avro,SerializeAndDeserialize,0,0,1699230078760,2
Mixed,Avro,Serialize,0,0,1699230079754,337
Mixed,Avro,Deserialize,0,0,1699230079754,323
Mixed,Avro,SerializeAndDeserialize,0,0,1699230079754,2
Mixed,Avro,Serialize,0,0,1699230080760,319
Mixed,Avro,Deserialize,0,0,1699230080760,330
Mixed,Avro,SerializeAndDeserialize,0,0,1699230080760,3
Mixed,Avro,Serialize,0,0,1699230081758,327
Mixed,Avro,Deserialize,0,0,1699230081758,329
Mixed,Avro,SerializeAndDeserialize,0,0,1699230081758,2
Mixed,Avro,Serialize,0,0,1699230082753,321
Mixed,Avro,Deserialize,0,0,1699230082753,318
Mixed,Avro,SerializeAndDeserialize,0,0,1699230082753,2
Mixed,Avro,Serialize,0,0,1699230083768,329
Mixed,Avro,Deserialize,0,0,1699230083768,322
Mixed,Avro,SerializeAndDeserialize,0,0,1699230083768,2
Mixed,Avro,Serialize,0,0,1699230084751,309
Mixed,Avro,Deserialize,0,0,1699230084751,314
Mixed,Avro,SerializeAndDeserialize,0,0,1699230084751,3
Mixed,Avro,Serialize,0,0,1699230085761,332
Mixed,Avro,Deserialize,0,0,1699230085761,326
Mixed,Avro,SerializeAndDeserialize,0,0,1699230085761,2
Mixed,Avro,Serialize,0,0,1699230086759,326
Mixed,Avro,Deserialize,0,0,1699230086759,331
Mixed,Avro,SerializeAndDeserialize,0,0,1699230086759,2
Mixed,Avro,Serialize,0,0,1699230087759,323
Mixed,Avro,Deserialize,0,0,1699230087759,316
Mixed,Avro,SerializeAndDeserialize,0,0,1699230087759,2
Mixed,Avro,Serialize,0,0,1699230088768,312
Mixed,Avro,Deserialize,0,0,1699230088768,335
Mixed,Avro,SerializeAndDeserialize,0,0,1699230088768,3
Mixed,Avro,Serialize,0,0,1699230089757,322
Mixed,Avro,Deserialize,0,0,1699230089757,314
Mixed,Avro,SerializeAndDeserialize,0,0,1699230089757,2
Mixed,Avro,Serialize,0,0,1699230090756,316
Mixed,Avro,Deserialize,0,0,1699230090756,330
Mixed,Avro,SerializeAndDeserialize,0,0,1699230090756,2
Mixed,Avro,Serialize,0,0,1699230091747,324
Mixed,Avro,Deserialize,0,0,1699230091747,319
Mixed,Avro,SerializeAndDeserialize,0,0,1699230091747,2
Mixed,Avro,Serialize,0,0,1699230092748,316
Mixed,Avro,Deserialize,0,0,1699230092748,315
Mixed,Avro,SerializeAndDeserialize,0,0,1699230092748,2
Mixed,Avro,Serialize,0,0,1699230093756,327
Mixed,Avro,Deserialize,0,0,1699230093756,318
Mixed,Avro,SerializeAndDeserialize,0,0,1699230093756,3
Mixed,Avro,Serialize,0,0,1699230094761,308
Mixed,Avro,Deserialize,0,0,1699230094761,318
Mixed,Avro,SerializeAndDeserialize,0,0,1699230094761,2
Mixed,Avro,Serialize,0,0,1699230095743,325
Mixed,Avro,Deserialize,0,0,1699230095743,314
Mixed,Avro,SerializeAndDeserialize,0,0,1699230095743,2
Mixed,Avro,Serialize,0,0,1699230096745,323
Mixed,Avro,Deserialize,0,0,1699230096745,325
Mixed,Avro,SerializeAndDeserialize,0,0,1699230096745,2
Mixed,Avro,Serialize,0,0,1699230097786,324
Mixed,Avro,Deserialize,0,0,1699230097786,326
Mixed,Avro,SerializeAndDeserialize,0,0,1699230097786,3
Mixed,Avro,Serialize,0,0,1699230098774,333
Mixed,Avro,Deserialize,0,0,1699230098774,329
Mixed,Avro,SerializeAndDeserialize,0,0,1699230098774,2
Mixed,Avro,Serialize,0,0,1699230099760,312
Mixed,Avro,Deserialize,0,0,1699230099760,318
Mixed,Avro,SerializeAndDeserialize,0,0,1699230099760,3
Mixed,Avro,Serialize,0,0,1699230100758,332
Mixed,Avro,Deserialize,0,0,1699230100758,320
Mixed,Avro,SerializeAndDeserialize,0,0,1699230100758,2
Mixed,Avro,Serialize,0,0,1699230101761,322
Mixed,Avro,Deserialize,0,0,1699230101761,333
Mixed,Avro,SerializeAndDeserialize,0,0,1699230101761,2
Mixed,Avro,Serialize,0,0,1699230102761,331
Mixed,Avro,Deserialize,0,0,1699230102761,322
Mixed,Avro,SerializeAndDeserialize,0,0,1699230102761,3
Mixed,Avro,Serialize,0,0,1699230103750,318
Mixed,Avro,Deserialize,0,0,1699230103750,306
Mixed,Avro,SerializeAndDeserialize,0,0,1699230103750,2
Mixed,Avro,Serialize,0,0,1699230104749,316
Mixed,Avro,Deserialize,0,0,1699230104749,332
Mixed,Avro,SerializeAndDeserialize,0,0,1699230104749,2
Mixed,Avro,Serialize,0,0,1699230105750,328
Mixed,Avro,Deserialize,0,0,1699230105750,322
Mixed,Avro,SerializeAndDeserialize,0,0,1699230105750,2
Mixed,Avro,Serialize,0,0,1699230106752,318
Mixed,Avro,Deserialize,0,0,1699230106752,318
Mixed,Avro,SerializeAndDeserialize,0,0,1699230106752,2
Mixed,Avro,Serialize,0,0,1699230107755,321
Mixed,Avro,Deserialize,0,0,1699230107755,324
Mixed,Avro,SerializeAndDeserialize,0,0,1699230107755,2
Mixed,Avro,Serialize,0,0,1699230108762,310
Mixed,Avro,Deserialize,0,0,1699230108762,321
Mixed,Avro,SerializeAndDeserialize,0,0,1699230108762,3
Mixed,Avro,Serialize,0,0,1699230109774,249
Mixed,Avro,Deserialize,0,0,1699230109774,248
Mixed,Avro,SerializeAndDeserialize,0,0,1699230109774,1
Mixed,Avro,Serialize,0,0,1699230110747,295
Mixed,Avro,Deserialize,0,0,1699230110747,307
Mixed,Avro,SerializeAndDeserialize,0,0,1699230110747,7
Mixed,Avro,Serialize,0,0,1699230111747,319
Mixed,Avro,Deserialize,0,0,1699230111747,316
Mixed,Avro,SerializeAndDeserialize,0,0,1699230111747,3
Mixed,Avro,Serialize,0,0,1699230112747,317
Mixed,Avro,Deserialize,0,0,1699230112747,317
Mixed,Avro,SerializeAndDeserialize,0,0,1699230112747,2
Mixed,Avro,Serialize,0,0,1699230113750,311
Mixed,Avro,Deserialize,0,0,1699230113750,312
Mixed,Avro,SerializeAndDeserialize,0,0,1699230113750,2
Mixed,Avro,Serialize,0,0,1699230114748,323
Mixed,Avro,Deserialize,0,0,1699230114748,319
Mixed,Avro,SerializeAndDeserialize,0,0,1699230114748,2
Mixed,Avro,Serialize,0,0,1699230115756,322
Mixed,Avro,Deserialize,0,0,1699230115756,316
Mixed,Avro,SerializeAndDeserialize,0,0,1699230115756,3
Mixed,Avro,Serialize,0,0,1699230116755,325
Mixed,Avro,Deserialize,0,0,1699230116755,328
Mixed,Avro,SerializeAndDeserialize,0,0,1699230116755,2
Mixed,Avro,Serialize,0,0,1699230117751,307
Mixed,Avro,Deserialize,0,0,1699230117751,316
Mixed,Avro,SerializeAndDeserialize,0,0,1699230117751,2
Mixed,Avro,Serialize,0,0,1699230118750,307
Mixed,Avro,Deserialize,0,0,1699230118750,305
Mixed,Avro,SerializeAndDeserialize,0,0,1699230118750,2
Mixed,Avro,Serialize,0,0,1699230119751,296
Mixed,Avro,Deserialize,0,0,1699230119751,298
Mixed,Avro,SerializeAndDeserialize,0,0,1699230119751,2
Mixed,Avro,Serialize,0,0,1699230120755,310
Mixed,Avro,Deserialize,0,0,1699230120755,305
Mixed,Avro,SerializeAndDeserialize,0,0,1699230120755,2
Mixed,Avro,Serialize,0,0,1699230121757,295
Mixed,Avro,Deserialize,0,0,1699230121757,291
Mixed,Avro,SerializeAndDeserialize,0,0,1699230121757,3
Mixed,Avro,Serialize,0,0,1699230122748,311
Mixed,Avro,Deserialize,0,0,1699230122748,312
Mixed,Avro,SerializeAndDeserialize,0,0,1699230122748,2
Mixed,Avro,Serialize,0,0,1699230123747,307
Mixed,Avro,Deserialize,0,0,1699230123747,326
Mixed,Avro,SerializeAndDeserialize,0,0,1699230123747,2
Mixed,Avro,Serialize,0,0,1699230124747,307
Mixed,Avro,Deserialize,0,0,1699230124747,308
Mixed,Avro,SerializeAndDeserialize,0,0,1699230124747,2
Mixed,Avro,Serialize,0,0,1699230125753,323
Mixed,Avro,Deserialize,0,0,1699230125753,311
Mixed,Avro,SerializeAndDeserialize,0,0,1699230125753,3
Mixed,Avro,Serialize,0,0,1699230126758,315
Mixed,Avro,Deserialize,0,0,1699230126758,324
Mixed,Avro,SerializeAndDeserialize,0,0,1699230126758,2
Mixed,Avro,Serialize,0,0,1699230127748,311
Mixed,Avro,Deserialize,0,0,1699230127748,304
Mixed,Avro,SerializeAndDeserialize,0,0,1699230127748,2
Mixed,Avro,Serialize,0,0,1699230128760,306
Mixed,Avro,Deserialize,0,0,1699230128760,311
Mixed,Avro,SerializeAndDeserialize,0,0,1699230128760,2
Mixed,Avro,Serialize,0,0,1699230129750,315
Mixed,Avro,Deserialize,0,0,1699230129750,311
Mixed,Avro,SerializeAndDeserialize,0,0,1699230129750,2
Mixed,Avro,Serialize,0,0,1699230130757,324
Mixed,Avro,Deserialize,0,0,1699230130757,325
Mixed,Avro,SerializeAndDeserialize,0,0,1699230130757,2
Mixed,Avro,Serialize,0,0,1699230131745,319
Mixed,Avro,Deserialize,0,0,1699230131745,310
Mixed,Avro,SerializeAndDeserialize,0,0,1699230131745,2
Mixed,Avro,Serialize,0,0,1699230132750,317
Mixed,Avro,Deserialize,0,0,1699230132750,312
Mixed,Avro,SerializeAndDeserialize,0,0,1699230132750,3
Mixed,Avro,Serialize,0,0,1699230133752,331
Mixed,Avro,Deserialize,0,0,1699230133752,333
Mixed,Avro,SerializeAndDeserialize,0,0,1699230133752,2
Mixed,Avro,Serialize,0,0,1699230134758,320
Mixed,Avro,Deserialize,0,0,1699230134758,320
Mixed,Avro,SerializeAndDeserialize,0,0,1699230134758,2
Mixed,Avro,Serialize,0,0,1699230135758,328
Mixed,Avro,Deserialize,0,0,1699230135758,332
Mixed,Avro,SerializeAndDeserialize,0,0,1699230135758,2
Mixed,Avro,Serialize,0,0,1699230136749,315
Mixed,Avro,Deserialize,0,0,1699230136749,319
Mixed,Avro,SerializeAndDeserialize,0,0,1699230136749,3
Mixed,Avro,Serialize,0,0,1699230137759,322
Mixed,Avro,Deserialize,0,0,1699230137759,325
Mixed,Avro,SerializeAndDeserialize,0,0,1699230137759,2
Mixed,Avro,Serialize,0,0,1699230138757,331
Mixed,Avro,Deserialize,0,0,1699230138757,309
Mixed,Avro,SerializeAndDeserialize,0,0,1699230138757,2
Mixed,Avro,Serialize,0,0,1699230139749,325
Mixed,Avro,Deserialize,0,0,1699230139749,331
Mixed,Avro,SerializeAndDeserialize,0,0,1699230139749,2
Mixed,Avro,Serialize,0,0,1699230140759,322
Mixed,Avro,Deserialize,0,0,1699230140759,315
Mixed,Avro,SerializeAndDeserialize,0,0,1699230140759,3
Mixed,Avro,Serialize,0,0,1699230141752,319
Mixed,Avro,Deserialize,0,0,1699230141752,331
Mixed,Avro,SerializeAndDeserialize,0,0,1699230141752,2
Mixed,Avro,Serialize,0,0,1699230142760,315
Mixed,Avro,Deserialize,0,0,1699230142760,322
Mixed,Avro,SerializeAndDeserialize,0,0,1699230142760,2
Mixed,Avro,Serialize,0,0,1699230143775,327
Mixed,Avro,Deserialize,0,0,1699230143775,321
Mixed,Avro,SerializeAndDeserialize,0,0,1699230143775,2
Mixed,Avro,Serialize,0,0,1699230144757,315
Mixed,Avro,Deserialize,0,0,1699230144757,314
Mixed,Avro,SerializeAndDeserialize,0,0,1699230144757,2
Mixed,Avro,Serialize,0,0,1699230145750,333
Mixed,Avro,Deserialize,0,0,1699230145750,324
Mixed,Avro,SerializeAndDeserialize,0,0,1699230145750,3
Mixed,Avro,Serialize,0,0,1699230146774,315
Mixed,Avro,Deserialize,0,0,1699230146774,335
Mixed,Avro,SerializeAndDeserialize,0,0,1699230146774,2
Mixed,Avro,Serialize,0,0,1699230147759,332
Mixed,Avro,Deserialize,0,0,1699230147759,335
Mixed,Avro,SerializeAndDeserialize,0,0,1699230147759,2
Mixed,Avro,Serialize,0,0,1699230148757,312
Mixed,Avro,Deserialize,0,0,1699230148757,308
Mixed,Avro,SerializeAndDeserialize,0,0,1699230148757,2
Mixed,Avro,Serialize,0,0,1699230149750,333
Mixed,Avro,Deserialize,0,0,1699230149750,322
Mixed,Avro,SerializeAndDeserialize,0,0,1699230149750,3
Mixed,Avro,Serialize,0,0,1699230150759,320
Mixed,Avro,Deserialize,0,0,1699230150759,316
Mixed,Avro,SerializeAndDeserialize,0,0,1699230150759,2
Mixed,Avro,Serialize,0,0,1699230151751,323
Mixed,Avro,Deserialize,0,0,1699230151751,331
Mixed,Avro,SerializeAndDeserialize,0,0,1699230151751,2
Mixed,Avro,Serialize,0,0,1699230152759,317
Mixed,Avro,Deserialize,0,0,1699230152759,329
Mixed,Avro,SerializeAndDeserialize,0,0,1699230152759,2
Mixed,Avro,Serialize,0,0,1699230153758,330
Mixed,Avro,Deserialize,0,0,1699230153758,322
Mixed,Avro,SerializeAndDeserialize,0,0,1699230153758,2
Mixed,Avro,Serialize,0,0,1699230154774,335
Mixed,Avro,Deserialize,0,0,1699230154774,331
Mixed,Avro,SerializeAndDeserialize,0,0,1699230154774,3
Mixed,Avro,Serialize,0,0,1699230155756,319
Mixed,Avro,Deserialize,0,0,1699230155756,324
Mixed,Avro,SerializeAndDeserialize,0,0,1699230155756,2
Mixed,Avro,Serialize,0,0,1699230156749,316
Mixed,Avro,Deserialize,0,0,1699230156749,316
Mixed,Avro,SerializeAndDeserialize,0,0,1699230156749,2
Mixed,Avro,Serialize,0,0,1699230157760,339
Mixed,Avro,Deserialize,0,0,1699230157760,334
Mixed,Avro,SerializeAndDeserialize,0,0,1699230157760,2
Mixed,Avro,Serialize,0,0,1699230158764,328
Mixed,Avro,Deserialize,0,0,1699230158764,321
Mixed,Avro,SerializeAndDeserialize,0,0,1699230158764,3
Mixed,Avro,Serialize,0,0,1699230159746,304
Mixed,Avro,Deserialize,0,0,1699230159746,307
Mixed,Avro,SerializeAndDeserialize,0,0,1699230159746,2
Mixed,Avro,Serialize,0,0,1699230160760,333
Mixed,Avro,Deserialize,0,0,1699230160760,322
Mixed,Avro,SerializeAndDeserialize,0,0,1699230160760,2
Mixed,Avro,Serialize,0,0,1699230161755,312
Mixed,Avro,Deserialize,0,0,1699230161755,332
Mixed,Avro,SerializeAndDeserialize,0,0,1699230161755,2
Mixed,Avro,Serialize,0,0,1699230162762,326
Mixed,Avro,Deserialize,0,0,1699230162762,325
Mixed,Avro,SerializeAndDeserialize,0,0,1699230162762,2
Mixed,Avro,Serialize,0,0,1699230163761,325
Mixed,Avro,Deserialize,0,0,1699230163761,326
Mixed,Avro,SerializeAndDeserialize,0,0,1699230163761,3
Mixed,Avro,Serialize,0,0,1699230164761,320
Mixed,Avro,Deserialize,0,0,1699230164761,308
Mixed,Avro,SerializeAndDeserialize,0,0,1699230164761,2
Mixed,Avro,Serialize,0,0,1699230165744,320
Mixed,Avro,Deserialize,0,0,1699230165744,322
Mixed,Avro,SerializeAndDeserialize,0,0,1699230165744,2
Mixed,Avro,Serialize,0,0,1699230166760,340
Mixed,Avro,Deserialize,0,0,1699230166760,333
Mixed,Avro,SerializeAndDeserialize,0,0,1699230166760,3
Mixed,Avro,Serialize,0,0,1699230167760,319
Mixed,Avro,Deserialize,0,0,1699230167760,313
Mixed,Avro,SerializeAndDeserialize,0,0,1699230167760,2
Mixed,Avro,Serialize,0,0,1699230168756,331
Mixed,Avro,Deserialize,0,0,1699230168756,326
Mixed,Avro,SerializeAndDeserialize,0,0,1699230168756,3
Mixed,Avro,Serialize,0,0,1699230169775,334
Mixed,Avro,Deserialize,0,0,1699230169775,321
Mixed,Avro,SerializeAndDeserialize,0,0,1699230169775,2
Mixed,Avro,Serialize,0,0,1699230170751,309
Mixed,Avro,Deserialize,0,0,1699230170751,328
Mixed,Avro,SerializeAndDeserialize,0,0,1699230170751,2
Mixed,Avro,Serialize,0,0,1699230171755,314
Mixed,Avro,Deserialize,0,0,1699230171755,327
Mixed,Avro,SerializeAndDeserialize,0,0,1699230171755,2
Mixed,Avro,Serialize,0,0,1699230172753,334
Mixed,Avro,Deserialize,0,0,1699230172753,321
Mixed,Avro,SerializeAndDeserialize,0,0,1699230172753,2
Mixed,Avro,Serialize,0,0,1699230173753,320
Mixed,Avro,Deserialize,0,0,1699230173753,310
Mixed,Avro,SerializeAndDeserialize,0,0,1699230173753,3
Mixed,Avro,Serialize,0,0,1699230174760,322
Mixed,Avro,Deserialize,0,0,1699230174760,321
Mixed,Avro,SerializeAndDeserialize,0,0,1699230174760,2
Mixed,Avro,Serialize,0,0,1699230175766,314
Mixed,Avro,Deserialize,0,0,1699230175766,326
Mixed,Avro,SerializeAndDeserialize,0,0,1699230175766,2
Mixed,Avro,Serialize,0,0,1699230176754,319
Mixed,Avro,Deserialize,0,0,1699230176754,309
Mixed,Avro,SerializeAndDeserialize,0,0,1699230176754,2
Mixed,Avro,Serialize,0,0,1699230177754,328
Mixed,Avro,Deserialize,0,0,1699230177754,330
Mixed,Avro,SerializeAndDeserialize,0,0,1699230177754,2
Mixed,Avro,Serialize,0,0,1699230178771,317
Mixed,Avro,Deserialize,0,0,1699230178771,318
Mixed,Avro,SerializeAndDeserialize,0,0,1699230178771,3
Mixed,Avro,Serialize,0,0,1699230179759,316
Mixed,Avro,Deserialize,0,0,1699230179759,306
Mixed,Avro,SerializeAndDeserialize,0,0,1699230179759,2
Mixed,Avro,Serialize,0,0,1699230180754,311
Mixed,Avro,Deserialize,0,0,1699230180754,318
Mixed,Avro,SerializeAndDeserialize,0,0,1699230180754,2
Mixed,Avro,Serialize,0,0,1699230181758,327
Mixed,Avro,Deserialize,0,0,1699230181758,333
Mixed,Avro,SerializeAndDeserialize,0,0,1699230181758,0
Mixed,Avro,Serialize,0,0,1699230182759,324
Mixed,Avro,Deserialize,0,0,1699230182759,317
Mixed,Avro,SerializeAndDeserialize,0,0,1699230182759,0
Mixed,Avro,Serialize,0,0,1699230183761,317
Mixed,Avro,Deserialize,0,0,1699230183761,315
Mixed,Avro,SerializeAndDeserialize,0,0,1699230183761,0
Mixed,Avro,Serialize,0,0,1699230184759,313
Mixed,Avro,Deserialize,0,0,1699230184759,313
Mixed,Avro,SerializeAndDeserialize,0,0,1699230184759,0
Mixed,Avro,Serialize,0,0,1699230185767,319
Mixed,Avro,Deserialize,0,0,1699230185767,327
Mixed,Avro,SerializeAndDeserialize,0,0,1699230185767,0
Mixed,Avro,Serialize,0,0,1699230186780,301
Mixed,Avro,Deserialize,0,0,1699230186780,291
Mixed,Avro,SerializeAndDeserialize,0,0,1699230186780,0
Mixed,Avro,Serialize,0,0,1699230187754,275
Mixed,Avro,Deserialize,0,0,1699230187754,271
Mixed,Avro,SerializeAndDeserialize,0,0,1699230187754,0
Mixed,Avro,Serialize,0,0,1699230188754,325
Mixed,Avro,Deserialize,0,0,1699230188754,324
Mixed,Avro,SerializeAndDeserialize,0,0,1699230188754,0
Mixed,Avro,Serialize,0,0,1699230189754,315
Mixed,Avro,Deserialize,0,0,1699230189754,318
Mixed,Avro,SerializeAndDeserialize,0,0,1699230189754,0
Mixed,Avro,Serialize,0,0,1699230190754,330
Mixed,Avro,Deserialize,0,0,1699230190754,311
Mixed,Avro,SerializeAndDeserialize,0,0,1699230190754,0
Mixed,Avro,Serialize,0,0,1699230191777,320
Mixed,Avro,Deserialize,0,0,1699230191777,320
Mixed,Avro,SerializeAndDeserialize,0,0,1699230191777,0
Mixed,Avro,Serialize,0,0,1699230192752,302
Mixed,Avro,Deserialize,0,0,1699230192752,307
Mixed,Avro,SerializeAndDeserialize,0,0,1699230192752,0
Mixed,Avro,Serialize,0,0,1699230193754,311
Mixed,Avro,Deserialize,0,0,1699230193754,302
Mixed,Avro,SerializeAndDeserialize,0,0,1699230193754,0
Mixed,Avro,Serialize,0,0,1699230194755,296
Mixed,Avro,Deserialize,0,0,1699230194755,316
Mixed,Avro,SerializeAndDeserialize,0,0,1699230194755,0
Mixed,Avro,Serialize,0,0,1699230195753,312
Mixed,Avro,Deserialize,0,0,1699230195753,296
Mixed,Avro,SerializeAndDeserialize,0,0,1699230195753,0
Mixed,Avro,Serialize,0,0,1699230196750,314
Mixed,Avro,Deserialize,0,0,1699230196750,320
Mixed,Avro,SerializeAndDeserialize,0,0,1699230196750,0
Mixed,Avro,Serialize,0,0,1699230197761,326
Mixed,Avro,Deserialize,0,0,1699230197761,333
Mixed,Avro,SerializeAndDeserialize,0,0,1699230197761,0
Mixed,Avro,Serialize,0,0,1699230198775,329
Mixed,Avro,Deserialize,0,0,1699230198775,321
Mixed,Avro,SerializeAndDeserialize,0,0,1699230198775,0
Mixed,Avro,Serialize,0,0,1699230199761,324
Mixed,Avro,Deserialize,0,0,1699230199761,324
Mixed,Avro,SerializeAndDeserialize,0,0,1699230199761,0
Mixed,Avro,Serialize,0,0,1699230200754,321
Mixed,Avro,Deserialize,0,0,1699230200754,325
Mixed,Avro,SerializeAndDeserialize,0,0,1699230200754,0
Mixed,Avro,Serialize,0,0,1699230201757,327
Mixed,Avro,Deserialize,0,0,1699230201757,331
Mixed,Avro,SerializeAndDeserialize,0,0,1699230201757,0
Mixed,Avro,Serialize,0,0,1699230202762,324
Mixed,Avro,Deserialize,0,0,1699230202762,313
Mixed,Avro,SerializeAndDeserialize,0,0,1699230202762,0
Mixed,Avro,Serialize,0,0,1699230203744,329
Mixed,Avro,Deserialize,0,0,1699230203744,332
Mixed,Avro,SerializeAndDeserialize,0,0,1699230203744,0
Mixed,Avro,Serialize,0,0,1699230204766,339
Mixed,Avro,Deserialize,0,0,1699230204766,336
Mixed,Avro,SerializeAndDeserialize,0,0,1699230204766,0
Mixed,Avro,Serialize,0,0,1699230205759,336
Mixed,Avro,Deserialize,0,0,1699230205759,328
Mixed,Avro,SerializeAndDeserialize,0,0,1699230205759,0
Mixed,Avro,Serialize,0,0,1699230206763,312
Mixed,Avro,Deserialize,0,0,1699230206763,340
Mixed,Avro,SerializeAndDeserialize,0,0,1699230206763,0
Mixed,Avro,Serialize,0,0,1699230207751,325
Mixed,Avro,Deserialize,0,0,1699230207751,315
Mixed,Avro,SerializeAndDeserialize,0,0,1699230207751,0
Mixed,Avro,Serialize,0,0,1699230208768,334
Mixed,Avro,Deserialize,0,0,1699230208768,325
Mixed,Avro,SerializeAndDeserialize,0,0,1699230208768,0
Mixed,Avro,Serialize,0,0,1699230209759,324
Mixed,Avro,Deserialize,0,0,1699230209759,324
Mixed,Avro,SerializeAndDeserialize,0,0,1699230209759,0
Mixed,Avro,Serialize,0,0,1699230210755,323
Mixed,Avro,Deserialize,0,0,1699230210755,325
Mixed,Avro,SerializeAndDeserialize,0,0,1699230210755,0
Mixed,Avro,Serialize,0,0,1699230211754,324
Mixed,Avro,Deserialize,0,0,1699230211754,336
Mixed,Avro,SerializeAndDeserialize,0,0,1699230211754,0
Mixed,Avro,Serialize,0,0,1699230212778,344
Mixed,Avro,Deserialize,0,0,1699230212778,342
Mixed,Avro,SerializeAndDeserialize,0,0,1699230212778,0
Mixed,Avro,Serialize,0,0,1699230213756,318
Mixed,Avro,Deserialize,0,0,1699230213756,326
Mixed,Avro,SerializeAndDeserialize,0,0,1699230213756,0
Mixed,Avro,Serialize,0,0,1699230214759,324
Mixed,Avro,Deserialize,0,0,1699230214759,329
Mixed,Avro,SerializeAndDeserialize,0,0,1699230214759,0
Mixed,Avro,Serialize,0,0,1699230215747,322
Mixed,Avro,Deserialize,0,0,1699230215747,327
Mixed,Avro,SerializeAndDeserialize,0,0,1699230215747,0
Mixed,Avro,Serialize,0,0,1699230216746,315
Mixed,Avro,Deserialize,0,0,1699230216746,305
Mixed,Avro,SerializeAndDeserialize,0,0,1699230216746,2
Mixed,Avro,Serialize,0,0,1699230217755,323
Mixed,Avro,Deserialize,0,0,1699230217755,318
Mixed,Avro,SerializeAndDeserialize,0,0,1699230217755,1
Mixed,Avro,Serialize,0,0,1699230218764,322
Mixed,Avro,Deserialize,0,0,1699230218764,338
Mixed,Avro,SerializeAndDeserialize,0,0,1699230218764,2
Mixed,Avro,Serialize,0,0,1699230219760,326
Mixed,Avro,Deserialize,0,0,1699230219760,314
Mixed,Avro,SerializeAndDeserialize,0,0,1699230219760,2
Mixed,Avro,Serialize,0,0,1699230220754,317
Mixed,Avro,Deserialize,0,0,1699230220754,328
Mixed,Avro,SerializeAndDeserialize,0,0,1699230220754,1
Mixed,Avro,Serialize,0,0,1699230221751,330
Mixed,Avro,Deserialize,0,0,1699230221751,322
Mixed,Avro,SerializeAndDeserialize,0,0,1699230221751,2
Mixed,Avro,Serialize,0,0,1699230222759,328
Mixed,Avro,Deserialize,0,0,1699230222759,328
Mixed,Avro,SerializeAndDeserialize,0,0,1699230222759,2
Mixed,Avro,Serialize,0,0,1699230223757,319
Mixed,Avro,Deserialize,0,0,1699230223757,323
Mixed,Avro,SerializeAndDeserialize,0,0,1699230223757,2
Mixed,Avro,Serialize,0,0,1699230224757,317
Mixed,Avro,Deserialize,0,0,1699230224757,306
Mixed,Avro,SerializeAndDeserialize,0,0,1699230224757,1
Mixed,Avro,Serialize,0,0,1699230225758,303
Mixed,Avro,Deserialize,0,0,1699230225758,319
Mixed,Avro,SerializeAndDeserialize,0,0,1699230225758,2
Mixed,Avro,Serialize,0,0,1699230226760,317
Mixed,Avro,Deserialize,0,0,1699230226760,301
Mixed,Avro,SerializeAndDeserialize,0,0,1699230226760,1
Mixed,Avro,Serialize,0,0,1699230227753,319
Mixed,Avro,Deserialize,0,0,1699230227753,335
Mixed,Avro,SerializeAndDeserialize,0,0,1699230227753,2
Mixed,Avro,Serialize,0,0,1699230228753,321
Mixed,Avro,Deserialize,0,0,1699230228753,313
Mixed,Avro,SerializeAndDeserialize,0,0,1699230228753,1
Mixed,Avro,Serialize,0,0,1699230229760,334
Mixed,Avro,Deserialize,0,0,1699230229760,341
Mixed,Avro,SerializeAndDeserialize,0,0,1699230229760,2
Mixed,Avro,Serialize,0,0,1699230230763,313
Mixed,Avro,Deserialize,0,0,1699230230763,313
Mixed,Avro,SerializeAndDeserialize,0,0,1699230230763,2
Mixed,Avro,Serialize,0,0,1699230231756,325
Mixed,Avro,Deserialize,0,0,1699230231756,320
Mixed,Avro,SerializeAndDeserialize,0,0,1699230231756,3
Mixed,Avro,Serialize,0,0,1699230232750,323
Mixed,Avro,Deserialize,0,0,1699230232750,328
Mixed,Avro,SerializeAndDeserialize,0,0,1699230232750,2
Mixed,Avro,Serialize,0,0,1699230233759,321
Mixed,Avro,Deserialize,0,0,1699230233759,328
Mixed,Avro,SerializeAndDeserialize,0,0,1699230233759,2
Mixed,Avro,Serialize,0,0,1699230234756,322
Mixed,Avro,Deserialize,0,0,1699230234756,318
Mixed,Avro,SerializeAndDeserialize,0,0,1699230234756,1
Mixed,Avro,Serialize,0,0,1699230235755,329
Mixed,Avro,Deserialize,0,0,1699230235755,325
Mixed,Avro,SerializeAndDeserialize,0,0,1699230235755,2
Mixed,Avro,Serialize,0,0,1699230236768,323
Mixed,Avro,Deserialize,0,0,1699230236768,315
Mixed,Avro,SerializeAndDeserialize,0,0,1699230236768,2
Mixed,Avro,Serialize,0,0,1699230237758,329
Mixed,Avro,Deserialize,0,0,1699230237758,329
Mixed,Avro,SerializeAndDeserialize,0,0,1699230237758,1
Mixed,Avro,Serialize,0,0,1699230238755,302
Mixed,Avro,Deserialize,0,0,1699230238755,324
Mixed,Avro,SerializeAndDeserialize,0,0,1699230238755,2
Mixed,Avro,Serialize,0,0,1699230239762,346
Mixed,Avro,Deserialize,0,0,1699230239762,322
Mixed,Avro,SerializeAndDeserialize,0,0,1699230239762,1
Mixed,Avro,Serialize,0,0,1699230240789,307
Mixed,Avro,Deserialize,0,0,1699230240789,334
Mixed,Avro,SerializeAndDeserialize,0,0,1699230240789,2
Mixed,Avro,Serialize,0,0,1699230241744,307
Mixed,Avro,Deserialize,0,0,1699230241744,308
Mixed,Avro,SerializeAndDeserialize,0,0,1699230241744,2
Mixed,Avro,Serialize,0,0,1699230242751,319
Mixed,Avro,Deserialize,0,0,1699230242751,302
Mixed,Avro,SerializeAndDeserialize,0,0,1699230242751,1
Mixed,Avro,Serialize,0,0,1699230243755,294
Mixed,Avro,Deserialize,0,0,1699230243755,314
Mixed,Avro,SerializeAndDeserialize,0,0,1699230243755,2
Mixed,Avro,Serialize,0,0,1699230244763,329
Mixed,Avro,Deserialize,0,0,1699230244763,312
Mixed,Avro,SerializeAndDeserialize,0,0,1699230244763,2
Mixed,Avro,Serialize,0,0,1699230245763,312
Mixed,Avro,Deserialize,0,0,1699230245763,330
Mixed,Avro,SerializeAndDeserialize,0,0,1699230245763,1
Mixed,Avro,Serialize,0,0,1699230246749,319
Mixed,Avro,Deserialize,0,0,1699230246749,295
Mixed,Avro,SerializeAndDeserialize,0,0,1699230246749,2
Mixed,Avro,Serialize,0,0,1699230247761,314
Mixed,Avro,Deserialize,0,0,1699230247761,325
Mixed,Avro,SerializeAndDeserialize,0,0,1699230247761,1
Mixed,Avro,Serialize,0,0,1699230248759,335
Mixed,Avro,Deserialize,0,0,1699230248759,343
Mixed,Avro,SerializeAndDeserialize,0,0,1699230248759,2
Mixed,Avro,Serialize,0,0,1699230249756,300
Mixed,Avro,Deserialize,0,0,1699230249756,304
Mixed,Avro,SerializeAndDeserialize,0,0,1699230249756,2
Mixed,Avro,Serialize,0,0,1699230250756,320
Mixed,Avro,Deserialize,0,0,1699230250756,320
Mixed,Avro,SerializeAndDeserialize,0,0,1699230250756,2
Mixed,Avro,Serialize,0,0,1699230251757,317
Mixed,Avro,Deserialize,0,0,1699230251757,308
Mixed,Avro,SerializeAndDeserialize,0,0,1699230251757,2
Mixed,Avro,Serialize,0,0,1699230252761,306
Mixed,Avro,Deserialize,0,0,1699230252761,302
Mixed,Avro,SerializeAndDeserialize,0,0,1699230252761,2
Mixed,Avro,Serialize,0,0,1699230253765,326
Mixed,Avro,Deserialize,0,0,1699230253765,328
Mixed,Avro,SerializeAndDeserialize,0,0,1699230253765,1
Mixed,Avro,Serialize,0,0,1699230254754,314
Mixed,Avro,Deserialize,0,0,1699230254754,314
Mixed,Avro,SerializeAndDeserialize,0,0,1699230254754,2
Mixed,Avro,Serialize,0,0,1699230255759,336
Mixed,Avro,Deserialize,0,0,1699230255759,328
Mixed,Avro,SerializeAndDeserialize,0,0,1699230255759,2
Mixed,Avro,Serialize,0,0,1699230256751,302
Mixed,Avro,Deserialize,0,0,1699230256751,312
Mixed,Avro,SerializeAndDeserialize,0,0,1699230256751,1
Mixed,Avro,Serialize,0,0,1699230257757,312
Mixed,Avro,Deserialize,0,0,1699230257757,316
Mixed,Avro,SerializeAndDeserialize,0,0,1699230257757,2
Mixed,Avro,Serialize,0,0,1699230258761,325
Mixed,Avro,Deserialize,0,0,1699230258761,328
Mixed,Avro,SerializeAndDeserialize,0,0,1699230258761,1
Mixed,Avro,Serialize,0,0,1699230259746,276
Mixed,Avro,Deserialize,0,0,1699230259746,276
Mixed,Avro,SerializeAndDeserialize,0,0,1699230259746,2
Mixed,Avro,Serialize,0,0,1699230260752,319
Mixed,Avro,Deserialize,0,0,1699230260752,324
Mixed,Avro,SerializeAndDeserialize,0,0,1699230260752,1
Mixed,Avro,Serialize,0,0,1699230261753,301
Mixed,Avro,Deserialize,0,0,1699230261753,306
Mixed,Avro,SerializeAndDeserialize,0,0,1699230261753,2
Mixed,Avro,Serialize,0,0,1699230262759,331
Mixed,Avro,Deserialize,0,0,1699230262759,322
Mixed,Avro,SerializeAndDeserialize,0,0,1699230262759,2
Mixed,Avro,Serialize,0,0,1699230263761,292
Mixed,Avro,Deserialize,0,0,1699230263761,308
Mixed,Avro,SerializeAndDeserialize,0,0,1699230263761,1
Mixed,Avro,Serialize,0,0,1699230264746,288
Mixed,Avro,Deserialize,0,0,1699230264746,263
Mixed,Avro,SerializeAndDeserialize,0,0,1699230264746,2
Mixed,Avro,Serialize,0,0,1699230265754,291
Mixed,Avro,Deserialize,0,0,1699230265754,292
Mixed,Avro,SerializeAndDeserialize,0,0,1699230265754,14
Mixed,Avro,Serialize,0,0,1699230266754,324
Mixed,Avro,Deserialize,0,0,1699230266754,322
Mixed,Avro,SerializeAndDeserialize,0,0,1699230266754,1
Mixed,Avro,Serialize,0,0,1699230267761,342
Mixed,Avro,Deserialize,0,0,1699230267761,347
Mixed,Avro,SerializeAndDeserialize,0,0,1699230267761,2
Mixed,Avro,Serialize,0,0,1699230268762,323
Mixed,Avro,Deserialize,0,0,1699230268762,322
Mixed,Avro,SerializeAndDeserialize,0,0,1699230268762,2
Mixed,Avro,Serialize,0,0,1699230269750,315
Mixed,Avro,Deserialize,0,0,1699230269750,334
Mixed,Avro,SerializeAndDeserialize,0,0,1699230269750,2
Mixed,Avro,Serialize,0,0,1699230270752,326
Mixed,Avro,Deserialize,0,0,1699230270752,324
Mixed,Avro,SerializeAndDeserialize,0,0,1699230270752,2
Mixed,Avro,Serialize,0,0,1699230271762,338
Mixed,Avro,Deserialize,0,0,1699230271762,333
Mixed,Avro,SerializeAndDeserialize,0,0,1699230271762,2
Mixed,Avro,Serialize,0,0,1699230272787,330
Mixed,Avro,Deserialize,0,0,1699230272787,332
Mixed,Avro,SerializeAndDeserialize,0,0,1699230272787,2
Mixed,Avro,Serialize,0,0,1699230273760,313
Mixed,Avro,Deserialize,0,0,1699230273760,309
Mixed,Avro,SerializeAndDeserialize,0,0,1699230273760,1
Mixed,Avro,Serialize,0,0,1699230274760,325
Mixed,Avro,Deserialize,0,0,1699230274760,316
Mixed,Avro,SerializeAndDeserialize,0,0,1699230274760,2
Mixed,Avro,Serialize,0,0,1699230275755,327
Mixed,Avro,Deserialize,0,0,1699230275755,334
Mixed,Avro,SerializeAndDeserialize,0,0,1699230275755,2
Mixed,Avro,Serialize,0,0,1699230276750,331
Mixed,Avro,Deserialize,0,0,1699230276750,329
Mixed,Avro,SerializeAndDeserialize,0,0,1699230276750,1
Mixed,Avro,Serialize,0,0,1699230277749,313
Mixed,Avro,Deserialize,0,0,1699230277749,312
Mixed,Avro,SerializeAndDeserialize,0,0,1699230277749,2
Mixed,Avro,Serialize,0,0,1699230278752,332
Mixed,Avro,Deserialize,0,0,1699230278752,319
Mixed,Avro,SerializeAndDeserialize,0,0,1699230278752,1
Mixed,Avro,Serialize,0,0,1699230279754,323
Mixed,Avro,Deserialize,0,0,1699230279754,338
Mixed,Avro,SerializeAndDeserialize,0,0,1699230279754,2
Mixed,Avro,Serialize,0,0,1699230280761,323
Mixed,Avro,Deserialize,0,0,1699230280761,325
Mixed,Avro,SerializeAndDeserialize,0,0,1699230280761,2
Mixed,Avro,Serialize,0,0,1699230281759,323
Mixed,Avro,Deserialize,0,0,1699230281759,318
Mixed,Avro,SerializeAndDeserialize,0,0,1699230281759,1
Mixed,Avro,Serialize,0,0,1699230282753,326
Mixed,Avro,Deserialize,0,0,1699230282753,332
Mixed,Avro,SerializeAndDeserialize,0,0,1699230282753,2
Mixed,Avro,Serialize,0,0,1699230283760,306
Mixed,Avro,Deserialize,0,0,1699230283760,324
Mixed,Avro,SerializeAndDeserialize,0,0,1699230283760,2
Mixed,Avro,Serialize,0,0,1699230284753,338
Mixed,Avro,Deserialize,0,0,1699230284753,316
Mixed,Avro,SerializeAndDeserialize,0,0,1699230284753,1
Mixed,Avro,Serialize,0,0,1699230285762,337
Mixed,Avro,Deserialize,0,0,1699230285762,344
Mixed,Avro,SerializeAndDeserialize,0,0,1699230285762,2
Mixed,Avro,Serialize,0,0,1699230286747,321
Mixed,Avro,Deserialize,0,0,1699230286747,305
Mixed,Avro,SerializeAndDeserialize,0,0,1699230286747,2
Mixed,Avro,Serialize,0,0,1699230287751,319
Mixed,Avro,Deserialize,0,0,1699230287751,330
Mixed,Avro,SerializeAndDeserialize,0,0,1699230287751,1
Mixed,Avro,Serialize,0,0,1699230288751,329
Mixed,Avro,Deserialize,0,0,1699230288751,332
Mixed,Avro,SerializeAndDeserialize,0,0,1699230288751,2
Mixed,Avro,Serialize,0,0,1699230289749,327
Mixed,Avro,Deserialize,0,0,1699230289749,319
Mixed,Avro,SerializeAndDeserialize,0,0,1699230289749,1
Mixed,Avro,Serialize,0,0,1699230290749,342
Mixed,Avro,Deserialize,0,0,1699230290749,321
Mixed,Avro,SerializeAndDeserialize,0,0,1699230290749,2
Mixed,Avro,Serialize,0,0,1699230291751,314
Mixed,Avro,Deserialize,0,0,1699230291751,340
Mixed,Avro,SerializeAndDeserialize,0,0,1699230291751,2
Mixed,Avro,Serialize,0,0,1699230292789,334
Mixed,Avro,Deserialize,0,0,1699230292789,332
Mixed,Avro,SerializeAndDeserialize,0,0,1699230292789,2
Mixed,Avro,Serialize,0,0,1699230293753,315
Mixed,Avro,Deserialize,0,0,1699230293753,306
Mixed,Avro,SerializeAndDeserialize,0,0,1699230293753,1
Mixed,Avro,Serialize,0,0,1699230294754,329
Mixed,Avro,Deserialize,0,0,1699230294754,327
Mixed,Avro,SerializeAndDeserialize,0,0,1699230294754,2
Mixed,Avro,Serialize,0,0,1699230295758,327
Mixed,Avro,Deserialize,0,0,1699230295758,333
Mixed,Avro,SerializeAndDeserialize,0,0,1699230295758,1
Mixed,Avro,Serialize,0,0,1699230296754,321
Mixed,Avro,Deserialize,0,0,1699230296754,311
Mixed,Avro,SerializeAndDeserialize,0,0,1699230296754,2
Mixed,Avro,Serialize,0,0,1699230297751,329
Mixed,Avro,Deserialize,0,0,1699230297751,332
Mixed,Avro,SerializeAndDeserialize,0,0,1699230297751,2
Mixed,Avro,Serialize,0,0,1699230298757,314
Mixed,Avro,Deserialize,0,0,1699230298757,313
Mixed,Avro,SerializeAndDeserialize,0,0,1699230298757,1
Mixed,Avro,Serialize,0,0,1699230299762,339
Mixed,Avro,Deserialize,0,0,1699230299762,350
Mixed,Avro,SerializeAndDeserialize,0,0,1699230299762,2
Mixed,Avro,Serialize,0,0,1699230300755,314
Mixed,Avro,Deserialize,0,0,1699230300755,314
Mixed,Avro,SerializeAndDeserialize,0,0,1699230300755,2
Mixed,Avro,Serialize,0,0,1699230301754,320
Mixed,Avro,Deserialize,0,0,1699230301754,312
Mixed,Avro,SerializeAndDeserialize,0,0,1699230301754,1
Mixed,Avro,Serialize,0,0,1699230302759,324
Mixed,Avro,Deserialize,0,0,1699230302759,330
Mixed,Avro,SerializeAndDeserialize,0,0,1699230302759,2
Mixed,Avro,Serialize,0,0,1699230303768,316
Mixed,Avro,Deserialize,0,0,1699230303768,308
Mixed,Avro,SerializeAndDeserialize,0,0,1699230303768,2
Mixed,Avro,Serialize,0,0,1699230304775,323
Mixed,Avro,Deserialize,0,0,1699230304775,320
Mixed,Avro,SerializeAndDeserialize,0,0,1699230304775,1
Mixed,Avro,Serialize,0,0,1699230305753,322
Mixed,Avro,Deserialize,0,0,1699230305753,325
Mixed,Avro,SerializeAndDeserialize,0,0,1699230305753,2
Mixed,Avro,Serialize,0,0,1699230306756,320
Mixed,Avro,Deserialize,0,0,1699230306756,328
Mixed,Avro,SerializeAndDeserialize,0,0,1699230306756,2
Mixed,Avro,Serialize,0,0,1699230307792,335
Mixed,Avro,Deserialize,0,0,1699230307792,328
Mixed,Avro,SerializeAndDeserialize,0,0,1699230307792,1
Mixed,Avro,Serialize,0,0,1699230308760,309
Mixed,Avro,Deserialize,0,0,1699230308760,320
Mixed,Avro,SerializeAndDeserialize,0,0,1699230308760,2
Mixed,Avro,Serialize,0,0,1699230309763,314
Mixed,Avro,Deserialize,0,0,1699230309763,311
Mixed,Avro,SerializeAndDeserialize,0,0,1699230309763,1
Mixed,Avro,Serialize,0,0,1699230310754,315
Mixed,Avro,Deserialize,0,0,1699230310754,319
Mixed,Avro,SerializeAndDeserialize,0,0,1699230310754,2
Mixed,Avro,Serialize,0,0,1699230311753,309
Mixed,Avro,Deserialize,0,0,1699230311753,311
Mixed,Avro,SerializeAndDeserialize,0,0,1699230311753,2
Mixed,Avro,Serialize,0,0,1699230312748,324
Mixed,Avro,Deserialize,0,0,1699230312748,321
Mixed,Avro,SerializeAndDeserialize,0,0,1699230312748,1
Mixed,Avro,Serialize,0,0,1699230313746,326
Mixed,Avro,Deserialize,0,0,1699230313746,321
Mixed,Avro,SerializeAndDeserialize,0,0,1699230313746,2
Mixed,Avro,Serialize,0,0,1699230314755,318
Mixed,Avro,Deserialize,0,0,1699230314755,321
Mixed,Avro,SerializeAndDeserialize,0,0,1699230314755,2
Mixed,Avro,Serialize,0,0,1699230315760,326
Mixed,Avro,Deserialize,0,0,1699230315760,315
Mixed,Avro,SerializeAndDeserialize,0,0,1699230315760,1
Mixed,Avro,Serialize,0,0,1699230316758,313
Mixed,Avro,Deserialize,0,0,1699230316758,321
Mixed,Avro,SerializeAndDeserialize,0,0,1699230316758,3
Mixed,Avro,Serialize,0,0,1699230317754,326
Mixed,Avro,Deserialize,0,0,1699230317754,320
Mixed,Avro,SerializeAndDeserialize,0,0,1699230317754,2
Mixed,Avro,Serialize,0,0,1699230318759,300
Mixed,Avro,Deserialize,0,0,1699230318759,319
Mixed,Avro,SerializeAndDeserialize,0,0,1699230318759,1
Mixed,Avro,Serialize,0,0,1699230319750,332
Mixed,Avro,Deserialize,0,0,1699230319750,319
Mixed,Avro,SerializeAndDeserialize,0,0,1699230319750,2
Mixed,Avro,Serialize,0,0,1699230320756,311
Mixed,Avro,Deserialize,0,0,1699230320756,316
Mixed,Avro,SerializeAndDeserialize,0,0,1699230320756,2
Mixed,Avro,Serialize,0,0,1699230321756,321
Mixed,Avro,Deserialize,0,0,1699230321756,325
Mixed,Avro,SerializeAndDeserialize,0,0,1699230321756,1
Mixed,Avro,Serialize,0,0,1699230322750,337
Mixed,Avro,Deserialize,0,0,1699230322750,333
Mixed,Avro,SerializeAndDeserialize,0,0,1699230322750,2
Mixed,Avro,Serialize,0,0,1699230323757,301
Mixed,Avro,Deserialize,0,0,1699230323757,303
Mixed,Avro,SerializeAndDeserialize,0,0,1699230323757,2
Mixed,Avro,Serialize,0,0,1699230324770,303
Mixed,Avro,Deserialize,0,0,1699230324770,314
Mixed,Avro,SerializeAndDeserialize,0,0,1699230324770,1
Mixed,Avro,Serialize,0,0,1699230325755,318
Mixed,Avro,Deserialize,0,0,1699230325755,309
Mixed,Avro,SerializeAndDeserialize,0,0,1699230325755,2
Mixed,Avro,Serialize,0,0,1699230326758,289
Mixed,Avro,Deserialize,0,0,1699230326758,300
Mixed,Avro,SerializeAndDeserialize,0,0,1699230326758,1
Mixed,Avro,Serialize,0,0,1699230327760,314
Mixed,Avro,Deserialize,0,0,1699230327760,303
Mixed,Avro,SerializeAndDeserialize,0,0,1699230327760,2
Mixed,Avro,Serialize,0,0,1699230328759,320
Mixed,Avro,Deserialize,0,0,1699230328759,328
Mixed,Avro,SerializeAndDeserialize,0,0,1699230328759,1
Mixed,Avro,Serialize,0,0,1699230329760,320
Mixed,Avro,Deserialize,0,0,1699230329760,319
Mixed,Avro,SerializeAndDeserialize,0,0,1699230329760,2
Mixed,Avro,Serialize,0,0,1699230330761,315
Mixed,Avro,Deserialize,0,0,1699230330761,293
Mixed,Avro,SerializeAndDeserialize,0,0,1699230330761,2
Mixed,Avro,Serialize,0,0,1699230331758,311
Mixed,Avro,Deserialize,0,0,1699230331758,338
Mixed,Avro,SerializeAndDeserialize,0,0,1699230331758,1
Mixed,Avro,Serialize,0,0,1699230332748,335
Mixed,Avro,Deserialize,0,0,1699230332748,324
Mixed,Avro,SerializeAndDeserialize,0,0,1699230332748,2
Mixed,Avro,Serialize,0,0,1699230333755,330
Mixed,Avro,Deserialize,0,0,1699230333755,329
Mixed,Avro,SerializeAndDeserialize,0,0,1699230333755,2
Mixed,Avro,Serialize,0,0,1699230334778,318
Mixed,Avro,Deserialize,0,0,1699230334778,325
Mixed,Avro,SerializeAndDeserialize,0,0,1699230334778,1
Mixed,Avro,Serialize,0,0,1699230335751,325
Mixed,Avro,Deserialize,0,0,1699230335751,316
Mixed,Avro,SerializeAndDeserialize,0,0,1699230335751,2
Mixed,Avro,Serialize,0,0,1699230336750,325
Mixed,Avro,Deserialize,0,0,1699230336750,326
Mixed,Avro,SerializeAndDeserialize,0,0,1699230336750,2
Mixed,Avro,Serialize,0,0,1699230337763,337
Mixed,Avro,Deserialize,0,0,1699230337763,340
Mixed,Avro,SerializeAndDeserialize,0,0,1699230337763,2
Mixed,Avro,Serialize,0,0,1699230338759,318
Mixed,Avro,Deserialize,0,0,1699230338759,322
Mixed,Avro,SerializeAndDeserialize,0,0,1699230338759,1
Mixed,Avro,Serialize,0,0,1699230339756,334
Mixed,Avro,Deserialize,0,0,1699230339756,322
Mixed,Avro,SerializeAndDeserialize,0,0,1699230339756,2
Mixed,Avro,Serialize,0,0,1699230340760,348
Mixed,Avro,Deserialize,0,0,1699230340760,344
Mixed,Avro,SerializeAndDeserialize,0,0,1699230340760,2
Mixed,Avro,Serialize,0,0,1699230341745,224
Mixed,Avro,Deserialize,0,0,1699230341745,230
Mixed,Avro,SerializeAndDeserialize,0,0,1699230341745,1
Mixed,Avro,Serialize,0,0,1699230342749,341
Mixed,Avro,Deserialize,0,0,1699230342749,333
Mixed,Avro,SerializeAndDeserialize,0,0,1699230342749,2
Mixed,Avro,Serialize,0,0,1699230343750,318
Mixed,Avro,Deserialize,0,0,1699230343750,321
Mixed,Avro,SerializeAndDeserialize,0,0,1699230343750,2
Mixed,Avro,Serialize,0,0,1699230344756,328
Mixed,Avro,Deserialize,0,0,1699230344756,334
Mixed,Avro,SerializeAndDeserialize,0,0,1699230344756,3
Mixed,Avro,Serialize,0,0,1699230345759,307
Mixed,Avro,Deserialize,0,0,1699230345759,305
Mixed,Avro,SerializeAndDeserialize,0,0,1699230345759,1
Mixed,Avro,Serialize,0,0,1699230346759,296
Mixed,Avro,Deserialize,0,0,1699230346759,298
Mixed,Avro,SerializeAndDeserialize,0,0,1699230346759,2
Mixed,Avro,Serialize,0,0,1699230347755,305
Mixed,Avro,Deserialize,0,0,1699230347755,304
Mixed,Avro,SerializeAndDeserialize,0,0,1699230347755,1
Mixed,Avro,Serialize,0,0,1699230348745,323
Mixed,Avro,Deserialize,0,0,1699230348745,323
Mixed,Avro,SerializeAndDeserialize,0,0,1699230348745,2
Mixed,Avro,Serialize,0,0,1699230349759,333
Mixed,Avro,Deserialize,0,0,1699230349759,329
Mixed,Avro,SerializeAndDeserialize,0,0,1699230349759,2
Mixed,Avro,Serialize,0,0,1699230350760,338
Mixed,Avro,Deserialize,0,0,1699230350760,335
Mixed,Avro,SerializeAndDeserialize,0,0,1699230350760,1
Mixed,Avro,Serialize,0,0,1699230351751,317
Mixed,Avro,Deserialize,0,0,1699230351751,311
Mixed,Avro,SerializeAndDeserialize,0,0,1699230351751,2
Mixed,Avro,Serialize,0,0,1699230352756,327
Mixed,Avro,Deserialize,0,0,1699230352756,326
Mixed,Avro,SerializeAndDeserialize,0,0,1699230352756,2
Mixed,Avro,Serialize,0,0,1699230353755,324
Mixed,Avro,Deserialize,0,0,1699230353755,324
Mixed,Avro,SerializeAndDeserialize,0,0,1699230353755,1
Mixed,Avro,Serialize,0,0,1699230354753,293
Mixed,Avro,Deserialize,0,0,1699230354753,302
Mixed,Avro,SerializeAndDeserialize,0,0,1699230354753,0
Mixed,Avro,Serialize,0,0,1699230355755,291
Mixed,Avro,Deserialize,0,0,1699230355755,283
Mixed,Avro,SerializeAndDeserialize,0,0,1699230355755,0
Mixed,Avro,Serialize,0,0,1699230356746,307
Mixed,Avro,Deserialize,0,0,1699230356746,303
Mixed,Avro,SerializeAndDeserialize,0,0,1699230356746,0
Mixed,Avro,Serialize,0,0,1699230357746,307
Mixed,Avro,Deserialize,0,0,1699230357746,317
Mixed,Avro,SerializeAndDeserialize,0,0,1699230357746,0
Mixed,Avro,Serialize,0,0,1699230358762,327
Mixed,Avro,Deserialize,0,0,1699230358762,327
Mixed,Avro,SerializeAndDeserialize,0,0,1699230358762,0
Mixed,Avro,Serialize,0,0,1699230359755,304
Mixed,Avro,Deserialize,0,0,1699230359755,296
Mixed,Avro,SerializeAndDeserialize,0,0,1699230359755,0
Mixed,Avro,Serialize,0,0,1699230360756,304
Mixed,Avro,Deserialize,0,0,1699230360756,318
Mixed,Avro,SerializeAndDeserialize,0,0,1699230360756,0
Mixed,Avro,Serialize,0,0,1699230361759,336
Mixed,Avro,Deserialize,0,0,1699230361759,334
Mixed,Avro,SerializeAndDeserialize,0,0,1699230361759,0
Mixed,Avro,Serialize,0,0,1699230362759,288
Mixed,Avro,Deserialize,0,0,1699230362759,278
Mixed,Avro,SerializeAndDeserialize,0,0,1699230362759,0
Mixed,Avro,Serialize,0,0,1699230363750,297
Mixed,Avro,Deserialize,0,0,1699230363750,309
Mixed,Avro,SerializeAndDeserialize,0,0,1699230363750,0
Mixed,Avro,Serialize,0,0,1699230364755,292
Mixed,Avro,Deserialize,0,0,1699230364755,303
Mixed,Avro,SerializeAndDeserialize,0,0,1699230364755,0
Mixed,Avro,Serialize,0,0,1699230365759,341
Mixed,Avro,Deserialize,0,0,1699230365759,334
Mixed,Avro,SerializeAndDeserialize,0,0,1699230365759,0
Mixed,Avro,Serialize,0,0,1699230366762,319
Mixed,Avro,Deserialize,0,0,1699230366762,322
Mixed,Avro,SerializeAndDeserialize,0,0,1699230366762,0
Mixed,Avro,Serialize,0,0,1699230367745,339
Mixed,Avro,Deserialize,0,0,1699230367745,316
Mixed,Avro,SerializeAndDeserialize,0,0,1699230367745,0
Mixed,Avro,Serialize,0,0,1699230368758,348
Mixed,Avro,Deserialize,0,0,1699230368758,350
Mixed,Avro,SerializeAndDeserialize,0,0,1699230368758,0
Mixed,Avro,Serialize,0,0,1699230369751,318
Mixed,Avro,Deserialize,0,0,1699230369751,335
Mixed,Avro,SerializeAndDeserialize,0,0,1699230369751,0
Mixed,Avro,Serialize,0,0,1699230370751,355
Mixed,Avro,Deserialize,0,0,1699230370751,335
Mixed,Avro,SerializeAndDeserialize,0,0,1699230370751,0
Mixed,Avro,Serialize,0,0,1699230371762,342
Mixed,Avro,Deserialize,0,0,1699230371762,353
Mixed,Avro,SerializeAndDeserialize,0,0,1699230371762,0
Mixed,Avro,Serialize,0,0,1699230372789,332
Mixed,Avro,Deserialize,0,0,1699230372789,338
Mixed,Avro,SerializeAndDeserialize,0,0,1699230372789,0
Mixed,Avro,Serialize,0,0,1699230373764,323
Mixed,Avro,Deserialize,0,0,1699230373764,324
Mixed,Avro,SerializeAndDeserialize,0,0,1699230373764,0
Mixed,Avro,Serialize,0,0,1699230374759,338
Mixed,Avro,Deserialize,0,0,1699230374759,337
Mixed,Avro,SerializeAndDeserialize,0,0,1699230374759,0
Mixed,Avro,Serialize,0,0,1699230375775,339
Mixed,Avro,Deserialize,0,0,1699230375775,327
Mixed,Avro,SerializeAndDeserialize,0,0,1699230375775,0
Mixed,Avro,Serialize,0,0,1699230376748,312
Mixed,Avro,Deserialize,0,0,1699230376748,318
Mixed,Avro,SerializeAndDeserialize,0,0,1699230376748,0
Mixed,Avro,Serialize,0,0,1699230377767,343
Mixed,Avro,Deserialize,0,0,1699230377767,336
Mixed,Avro,SerializeAndDeserialize,0,0,1699230377767,0
Mixed,Avro,Serialize,0,0,1699230378783,321
Mixed,Avro,Deserialize,0,0,1699230378783,327
Mixed,Avro,SerializeAndDeserialize,0,0,1699230378783,0
Mixed,Avro,Serialize,0,0,1699230379749,330
Mixed,Avro,Deserialize,0,0,1699230379749,321
Mixed,Avro,SerializeAndDeserialize,0,0,1699230379749,0
Mixed,Avro,Serialize,0,0,1699230380755,326
Mixed,Avro,Deserialize,0,0,1699230380755,334
Mixed,Avro,SerializeAndDeserialize,0,0,1699230380755,0
Mixed,Avro,Serialize,0,0,1699230381744,316
Mixed,Avro,Deserialize,0,0,1699230381744,327
Mixed,Avro,SerializeAndDeserialize,0,0,1699230381744,0
Mixed,Avro,Serialize,0,0,1699230382752,318
Mixed,Avro,Deserialize,0,0,1699230382752,305
Mixed,Avro,SerializeAndDeserialize,0,0,1699230382752,0
Mixed,Avro,Serialize,0,0,1699230383751,321
Mixed,Avro,Deserialize,0,0,1699230383751,329
Mixed,Avro,SerializeAndDeserialize,0,0,1699230383751,0
Mixed,Avro,Serialize,0,0,1699230384756,339
Mixed,Avro,Deserialize,0,0,1699230384756,332
Mixed,Avro,SerializeAndDeserialize,0,0,1699230384756,0
Mixed,Avro,Serialize,0,0,1699230385746,317
Mixed,Avro,Deserialize,0,0,1699230385746,317
Mixed,Avro,SerializeAndDeserialize,0,0,1699230385746,0
Mixed,Avro,Serialize,0,0,1699230386780,349
Mixed,Avro,Deserialize,0,0,1699230386780,344
Mixed,Avro,SerializeAndDeserialize,0,0,1699230386780,0
Mixed,Avro,Serialize,0,0,1699230387744,330
Mixed,Avro,Deserialize,0,0,1699230387744,319
Mixed,Avro,SerializeAndDeserialize,0,0,1699230387744,0
Mixed,Avro,Serialize,0,0,1699230388752,330
Mixed,Avro,Deserialize,0,0,1699230388752,342
Mixed,Avro,SerializeAndDeserialize,0,0,1699230388752,0
Mixed,Avro,Serialize,0,0,1699230389769,329
Mixed,Avro,Deserialize,0,0,1699230389769,347
Mixed,Avro,SerializeAndDeserialize,0,0,1699230389769,0
Mixed,Avro,Serialize,0,0,1699230390759,315
Mixed,Avro,Deserialize,0,0,1699230390759,303
Mixed,Avro,SerializeAndDeserialize,0,0,1699230390759,0
Mixed,Avro,Serialize,0,0,1699230391757,292
Mixed,Avro,Deserialize,0,0,1699230391757,298
Mixed,Avro,SerializeAndDeserialize,0,0,1699230391757,0
Mixed,Avro,Serialize,0,0,1699230392760,314
Mixed,Avro,Deserialize,0,0,1699230392760,302
Mixed,Avro,SerializeAndDeserialize,0,0,1699230392760,0
Mixed,Avro,Serialize,0,0,1699230393759,305
Mixed,Avro,Deserialize,0,0,1699230393759,309
Mixed,Avro,SerializeAndDeserialize,0,0,1699230393759,0
Mixed,Avro,Serialize,0,0,1699230394755,320
Mixed,Avro,Deserialize,0,0,1699230394755,326
Mixed,Avro,SerializeAndDeserialize,0,0,1699230394755,0
Mixed,Avro,Serialize,0,0,1699230395755,328
Mixed,Avro,Deserialize,0,0,1699230395755,330
Mixed,Avro,SerializeAndDeserialize,0,0,1699230395755,0
Mixed,Avro,Serialize,0,0,1699230396750,326
Mixed,Avro,Deserialize,0,0,1699230396750,320
Mixed,Avro,SerializeAndDeserialize,0,0,1699230396750,0
Mixed,Avro,Serialize,0,0,1699230397759,337
Mixed,Avro,Deserialize,0,0,1699230397759,340
Mixed,Avro,SerializeAndDeserialize,0,0,1699230397759,0
Mixed,Avro,Serialize,0,0,1699230398776,342
Mixed,Avro,Deserialize,0,0,1699230398776,329
Mixed,Avro,SerializeAndDeserialize,0,0,1699230398776,0
Mixed,Avro,Serialize,0,0,1699230399759,325
Mixed,Avro,Deserialize,0,0,1699230399759,323
Mixed,Avro,SerializeAndDeserialize,0,0,1699230399759,0
Mixed,Avro,Serialize,0,0,1699230400760,333
Mixed,Avro,Deserialize,0,0,1699230400760,339
Mixed,Avro,SerializeAndDeserialize,0,0,1699230400760,0
Mixed,Avro,Serialize,0,0,1699230401759,319
Mixed,Avro,Deserialize,0,0,1699230401759,323
Mixed,Avro,SerializeAndDeserialize,0,0,1699230401759,0
Mixed,Avro,Serialize,0,0,1699230402753,347
Mixed,Avro,Deserialize,0,0,1699230402753,340
Mixed,Avro,SerializeAndDeserialize,0,0,1699230402753,0
Mixed,Avro,Serialize,0,0,1699230403759,345
Mixed,Avro,Deserialize,0,0,1699230403759,326
Mixed,Avro,SerializeAndDeserialize,0,0,1699230403759,0
Mixed,Avro,Serialize,0,0,1699230404753,329
Mixed,Avro,Deserialize,0,0,1699230404753,326
Mixed,Avro,SerializeAndDeserialize,0,0,1699230404753,0
Mixed,Avro,Serialize,0,0,1699230405758,324
Mixed,Avro,Deserialize,0,0,1699230405758,346
Mixed,Avro,SerializeAndDeserialize,0,0,1699230405758,0
Mixed,Avro,Serialize,0,0,1699230406762,326
Mixed,Avro,Deserialize,0,0,1699230406762,312
Mixed,Avro,SerializeAndDeserialize,0,0,1699230406762,0
Mixed,Avro,Serialize,0,0,1699230407746,326
Mixed,Avro,Deserialize,0,0,1699230407746,325
Mixed,Avro,SerializeAndDeserialize,0,0,1699230407746,0
Mixed,Avro,Serialize,0,0,1699230408763,314
Mixed,Avro,Deserialize,0,0,1699230408763,328
Mixed,Avro,SerializeAndDeserialize,0,0,1699230408763,0
Mixed,Avro,Serialize,0,0,1699230409748,328
Mixed,Avro,Deserialize,0,0,1699230409748,319
Mixed,Avro,SerializeAndDeserialize,0,0,1699230409748,0
Mixed,Avro,Serialize,0,0,1699230410775,353
Mixed,Avro,Deserialize,0,0,1699230410775,347
Mixed,Avro,SerializeAndDeserialize,0,0,1699230410775,0
Mixed,Avro,Serialize,0,0,1699230411759,321
Mixed,Avro,Deserialize,0,0,1699230411759,318
Mixed,Avro,SerializeAndDeserialize,0,0,1699230411759,0
Mixed,Avro,Serialize,0,0,1699230412761,335
Mixed,Avro,Deserialize,0,0,1699230412761,347
Mixed,Avro,SerializeAndDeserialize,0,0,1699230412761,0
Mixed,Avro,Serialize,0,0,1699230413754,334
Mixed,Avro,Deserialize,0,0,1699230413754,336
Mixed,Avro,SerializeAndDeserialize,0,0,1699230413754,0
Mixed,Avro,Serialize,0,0,1699230414752,327
Mixed,Avro,Deserialize,0,0,1699230414752,334
Mixed,Avro,SerializeAndDeserialize,0,0,1699230414752,0
Mixed,Avro,Serialize,0,0,1699230415756,337
Mixed,Avro,Deserialize,0,0,1699230415756,325
Mixed,Avro,SerializeAndDeserialize,0,0,1699230415756,0
Mixed,Avro,Serialize,0,0,1699230416752,338
Mixed,Avro,Deserialize,0,0,1699230416752,339
Mixed,Avro,SerializeAndDeserialize,0,0,1699230416752,0
Mixed,Avro,Serialize,0,0,1699230417762,261
Mixed,Avro,Deserialize,0,0,1699230417762,259
Mixed,Avro,SerializeAndDeserialize,0,0,1699230417762,0
Mixed,Avro,Serialize,0,0,1699230418751,334
Mixed,Avro,Deserialize,0,0,1699230418751,325
Mixed,Avro,SerializeAndDeserialize,0,0,1699230418751,0
Mixed,Avro,Serialize,0,0,1699230419757,172
Mixed,Avro,Deserialize,0,0,1699230419757,180
Mixed,Avro,SerializeAndDeserialize,0,0,1699230419757,0
